,portfolio_value_total,portfolio_value,leverage,leverage_total,cash_weight_percentage,cash_weight_percentage_total,unrealized_pnl_percentage,unrealized_pnl_percentage_total,timestamp
0,10000.0,10000.0,0.0,0.0,100.0,100.0,0.0,0.0,1555858800.0
1,10000.0,10000.0,0.0,0.0,100.0,100.0,0.0,0.0,1555945200.0
2,10000.0,10000.0,0.0,0.0,100.0,100.0,0.0,0.0,1556031600.0
3,10000.0,10000.0,0.0,0.0,100.0,100.0,0.0,0.0,1556118000.0
4,10000.0,10000.0,0.0,0.0,100.0,100.0,0.0,0.0,1556204400.0
5,10000.0,10000.0,0.0,0.0,100.0,100.0,0.0,0.0,1556463600.0
6,10000.0,10000.0,0.0,0.0,100.0,100.0,0.0,0.0,1556550000.0
7,10000.0,10000.0,0.0,0.0,100.0,100.0,0.0,0.0,1556636400.0
8,10000.0,10000.0,0.0,0.0,100.0,100.0,0.0,0.0,1556722800.0
9,10000.0,10000.0,0.0,0.0,100.0,100.0,0.0,0.0,1556809200.0
10,10000.0,10000.0,0.0,0.0,100.0,100.0,0.0,0.0,1557068400.0
11,10000.0,10000.0,0.0,0.0,100.0,100.0,0.0,0.0,1557154800.0
12,10000.0,10000.0,0.0,0.0,100.0,100.0,0.0,0.0,1557241200.0
13,10000.0,10000.0,0.0,0.0,100.0,100.0,0.0,0.0,1557327600.0
14,10000.0,10000.0,0.0,0.0,100.0,100.0,0.0,0.0,1557414000.0
15,10000.0,10000.0,0.0,0.0,100.0,100.0,0.0,0.0,1557673200.0
16,10000.0,10000.0,0.0,0.0,100.0,100.0,0.0,0.0,1557759600.0
17,10000.0,10000.0,0.0,0.0,100.0,100.0,0.0,0.0,1557846000.0
18,10000.0,10000.0,0.0,0.0,100.0,100.0,0.0,0.0,1557932400.0
19,10080.340805378111,10080.340805378111,0.999999996936754,0.999999996936754,3.063245990198027e-07,3.063245990198027e-07,0.7970048526062476,0.7970048526062476,1558018800.0
20,9940.81663796466,9940.81663796466,0.9999999968937598,0.9999999968937598,3.1062401539827533e-07,3.1062401539827533e-07,-0.5953571440933212,-0.5953571440933212,1558278000.0
21,9535.576023013662,9535.576023013662,0.9999999967617514,0.9999999967617514,3.2382485581905485e-07,3.2382485581905485e-07,-4.870434422267433,-4.870434422267433,1558364400.0
22,9676.822509260588,9676.822509260588,0.9999999968090183,0.9999999968090183,3.190981701095552e-07,3.190981701095552e-07,-3.339706710856124,-3.339706710856124,1558450800.0
23,9610.733422765054,9610.733422765054,0.9999999967870752,0.9999999967870752,3.2129248150880585e-07,3.2129248150880585e-07,-4.050331645999942,-4.050331645999942,1558537200.0
24,9374.925215332929,9374.925215332929,0.9999999967062603,0.9999999967062603,3.293739725407363e-07,3.293739725407363e-07,-6.667517556777359,-6.667517556777359,1558623600.0
25,9283.627508739408,9283.627508739408,0.9999999966738687,0.9999999966738687,3.326131259306919e-07,3.326131259306919e-07,-7.716514806159711,-7.716514806159711,1558969200.0
26,9492.95974551673,9492.95974551673,0.9999999967472141,0.9999999967472141,3.2527859294972927e-07,3.2527859294972927e-07,-5.341224107926218,-5.341224107926218,1559055600.0
27,9403.122056213422,9403.122056213422,0.999999996716137,0.999999996716137,3.2838629593356927e-07,3.2838629593356927e-07,-6.347657088978983,-6.347657088978983,1559142000.0
28,9462.263295359595,9462.263295359595,0.999999996736662,0.999999996736662,3.2633380442348425e-07,3.2633380442348425e-07,-5.682960702479265,-5.682960702479265,1559228400.0
29,9324.70021859294,9324.70021859294,0.9999999966885192,0.9999999966885192,3.3114807562739657e-07,3.3114807562739657e-07,-7.242053530692058,-7.242053530692058,1559487600.0
30,9227.107013828705,9227.107013828705,0.9999999966534944,0.9999999966534944,3.34650562816563e-07,3.34650562816563e-07,-8.37633057699404,-8.37633057699404,1559574000.0
31,9618.051170855337,9618.051170855337,0.9999999967895195,0.9999999967895195,3.210480548077044e-07,3.210480548077044e-07,-3.9711665321769782,-3.9711665321769782,1559660400.0
32,9661.704669170456,9661.704669170456,0.9999999968040253,0.9999999968040253,3.195974707104199e-07,3.195974707104199e-07,-3.5014041767288755,-3.5014041767288755,1559746800.0
33,9913.726700978696,9913.726700978696,0.9999999968852716,0.9999999968852716,3.114728364117525e-07,3.114728364117525e-07,-0.8702408450778459,-0.8702408450778459,1559833200.0
34,10074.318595269548,10074.318595269548,0.9999999969349227,0.9999999969349227,3.065077303077146e-07,3.065077303077146e-07,0.7377034443247089,0.7377034443247089,1560092400.0
35,10240.626213726655,10240.626213726655,0.9999999969846994,0.9999999969846994,3.0153005647903797e-07,3.0153005647903797e-07,2.349721674287034,2.349721674287034,1560178800.0
36,10200.894049056416,10200.894049056416,0.9999999969729549,0.9999999969729549,3.027045059056377e-07,3.027045059056377e-07,1.9693768809901349,1.9693768809901349,1560265200.0
37,10203.03024214296,10203.03024214296,0.9999999969735889,0.9999999969735889,3.026411121709316e-07,3.026411121709316e-07,1.9899014050194397,1.9899014050194397,1560351600.0
38,10111.917665306411,10111.917665306411,0.9999999953715274,0.9999999953715274,4.628472605183731e-07,4.628472605183731e-07,-0.9010415220166659,-0.9010415220166659,1560438000.0
39,9880.657368928296,9880.657368928296,0.9999999952631964,0.9999999952631964,4.736803616012253e-07,4.736803616012253e-07,-3.2626662496002554,-3.2626662496002554,1560697200.0
40,9812.944405457854,9812.944405457854,0.9999999952305104,0.9999999952305104,4.76948958105794e-07,4.76948958105794e-07,-3.9752170252604744,-3.9752170252604744,1560783600.0
41,10080.251139149073,10080.251139149073,0.9999999953569869,0.9999999953569869,4.643013085114944e-07,4.643013085114944e-07,-1.2180163102985162,-1.2180163102985162,1560870000.0
42,10178.226143445314,10178.226143445314,0.9999999954016805,0.9999999954016805,4.598319502946424e-07,4.598319502946424e-07,-0.2436976576082497,-0.2436976576082497,1560956400.0
43,10234.88326491681,10234.88326491681,0.9999999954271352,0.9999999954271352,4.5728647535270284e-07,4.5728647535270284e-07,0.3112201863897755,0.3112201863897755,1561042800.0
44,10072.4471378386,10072.4471378386,0.9999999953533898,0.9999999953533898,4.64661020771473e-07,4.64661020771473e-07,-1.296438715610678,-1.296438715610678,1561302000.0
45,10113.944164060173,10113.944164060173,0.9999999953724547,0.9999999953724547,4.627545346913564e-07,4.627545346913564e-07,-0.8808243019509033,-0.8808243019509033,1561388400.0
46,9961.060578638866,9961.060578638866,0.9999999953014305,0.9999999953014305,4.698569533445607e-07,4.698569533445607e-07,-2.4291556264901173,-2.4291556264901173,1561474800.0
47,10092.366910698987,10092.366910698987,0.999999995362561,0.999999995362561,4.637438988375209e-07,4.637438988375209e-07,-1.096505234333663,-1.096505234333663,1561561200.0
48,10192.643755166182,10192.643755166182,0.9999999954081847,0.9999999954081847,4.5918152613566576e-07,4.5918152613566576e-07,-0.10190179531698981,-0.10190179531698981,1561647600.0
49,10200.582958803712,10200.582958803712,0.9999999954117585,0.9999999954117585,4.588241453440389e-07,4.588241453440389e-07,-0.023991602726358995,-0.023991602726358995,1561906800.0
50,10466.388170189533,10466.388170189533,0.9999999955282821,0.9999999955282821,4.4717178848685535e-07,4.4717178848685535e-07,2.516225499802033,2.516225499802033,1561993200.0
51,10485.236989681967,10485.236989681967,0.9999999955363207,0.9999999955363207,4.463679315058755e-07,4.463679315058755e-07,2.6914675158674304,2.6914675158674304,1562079600.0
52,10461.113958137936,10461.113958137936,0.9999999955260277,0.9999999955260277,4.4739723037423573e-07,4.4739723037423573e-07,2.467076804896162,2.467076804896162,1562252400.0
53,10461.989723246152,10461.989723246152,0.9999999955264021,0.9999999955264021,4.4735979365384537e-07,4.4735979365384537e-07,2.475241210835754,2.475241210835754,1562511600.0
54,10421.373067499027,10421.373067499027,0.9999999955089667,0.9999999955089667,4.491033323006377e-07,4.491033323006377e-07,2.095144506792584,2.095144506792584,1562598000.0
55,10523.846156096002,10523.846156096002,0.9999999955526967,0.9999999955526967,4.447303303400929e-07,4.447303303400929e-07,3.048466399019028,3.048466399019028,1562684400.0
56,10631.856259296677,10631.856259296677,0.9999999955978773,0.9999999955978773,4.402122666391506e-07,4.402122666391506e-07,4.033406835976957,4.033406835976957,1562770800.0
57,10679.632578501703,10679.632578501703,0.9999999981663793,0.9999999981663793,1.833620699720484e-07,1.833620699720484e-07,0.44735920317333844,0.44735920317333844,1562857200.0
58,10760.217139284538,10760.217139284538,0.9999999981801113,0.9999999981801113,1.8198886841958029e-07,1.8198886841958029e-07,1.1929209078804355,1.1929209078804355,1563116400.0
59,10760.085926649019,10760.085926649019,0.9999999981800891,0.9999999981800891,1.8199108886562954e-07,1.8199108886562954e-07,1.1917160162704656,1.1917160162704656,1563202800.0
60,10720.603652383597,10720.603652383597,0.9999999981733868,0.9999999981733868,1.826613194033655e-07,1.826613194033655e-07,0.8278208575240769,0.8278208575240769,1563289200.0
61,10676.890088415927,10676.890088415927,0.9999999981659082,0.9999999981659082,1.8340917673498325e-07,1.8340917673498325e-07,0.42178788716866095,0.42178788716866095,1563375600.0
62,10671.487987902861,10671.487987902861,0.9999999981649799,0.9999999981649799,1.835020135843024e-07,1.835020135843024e-07,0.3713795925283327,0.3713795925283327,1563462000.0
63,10523.71331588824,10523.71331588824,0.9999999981392124,0.9999999981392124,1.8607876350884567e-07,1.8607876350884567e-07,-1.0276120240292737,-1.0276120240292737,1563721200.0
64,10510.895764171884,10510.895764171884,0.9999999981369432,0.9999999981369432,1.863056819928488e-07,1.863056819928488e-07,-1.150810528795338,-1.150810528795338,1563807600.0
65,10605.527913027534,10605.527913027534,0.9999999981535671,0.9999999981535671,1.8464328954692633e-07,1.8464328954692633e-07,-0.248251161894569,-0.248251161894569,1563894000.0
66,10704.441828670602,10704.441828670602,0.9999999981706288,0.9999999981706288,1.8293712100714288e-07,1.8293712100714288e-07,0.678088316380143,0.678088316380143,1563980400.0
67,10710.258228962819,10710.258228962819,0.9999999981716224,0.9999999981716224,1.8283775604643893e-07,1.8283775604643893e-07,0.7320268847871952,0.7320268847871952,1564066800.0
68,10685.042316903355,10685.042316903355,0.9999999981673076,0.9999999981673076,1.832692442249595e-07,1.832692442249595e-07,0.4977617872653516,0.4977617872653516,1564326000.0
69,10601.412638802782,10601.412638802782,0.9999999981528505,0.9999999981528505,1.8471495444316588e-07,1.8471495444316588e-07,-0.2871656969795391,-0.2871656969795391,1564412400.0
70,10523.234518214216,10523.234518214216,0.9999999981391277,0.9999999981391277,1.8608723451052356e-07,1.8608723451052356e-07,-1.0322086892053277,-1.0322086892053277,1564498800.0
71,10471.702583653092,10471.702583653092,0.9999999981299704,0.9999999981299704,1.8700295756346463e-07,1.8700295756346463e-07,-1.5293948081909234,-1.5293948081909234,1564585200.0
72,10344.241910054847,10344.241910054847,0.9999999981069281,0.9999999981069281,1.893071921443834e-07,1.893071921443834e-07,-2.7804294576895163,-2.7804294576895163,1564671600.0
73,10194.922942033076,10194.922942033076,0.9999999980792011,0.9999999980792011,1.9207988533054277e-07,1.9207988533054277e-07,-4.285793230100364,-4.285793230100364,1564930800.0
74,9722.53762751471,9722.53762751471,0.999999997985876,0.999999997985876,2.0141239787108134e-07,2.0141239787108134e-07,-9.35268822419985,-9.35268822419985,1565017200.0
75,9856.0149911068,9856.0149911068,0.9999999980131528,0.9999999980131528,1.9868472422857053e-07,1.9868472422857053e-07,-7.871754140896993,-7.871754140896993,1565103600.0
76,9832.649733343209,9832.649733343209,0.9999999980084314,0.9999999980084314,1.9915685767202262e-07,1.9915685767202262e-07,-8.128089046468352,-8.128089046468352,1565190000.0
77,10067.51370898609,10067.51370898609,0.9999999979584836,0.9999999979584836,2.0415164003750874e-07,2.0415164003750874e-07,2.3328895537857006,2.3328895537857006,1565276400.0
78,9966.010843848839,9966.010843848839,0.9999999979376908,0.9999999979376908,2.0623092122917797e-07,2.0623092122917797e-07,1.3381593959226168,1.3381593959226168,1565535600.0
79,9832.441326752189,9832.441326752189,0.9999999979096752,0.9999999979096752,2.0903248021397758e-07,2.0903248021397758e-07,-0.0021195813338232817,-0.0021195813338232817,1565622000.0
80,10096.39849628793,10096.39849628793,0.9999999979643241,0.9999999979643241,2.0356758501094419e-07,2.0356758501094419e-07,2.6123053982238345,2.6123053982238345,1565708400.0
81,9756.211284234843,9756.211284234843,0.9999999978933427,0.9999999978933427,2.1066572930550365e-07,2.1066572930550365e-07,-0.7834849705631496,-0.7834849705631496,1565794800.0
82,9795.486787132595,9795.486787132595,0.9999999979017894,0.9999999979017894,2.0982106052613858e-07,2.0982106052613858e-07,-0.379388457339667,-0.379388457339667,1565881200.0
83,9910.506551356682,9910.506551356682,0.9999999979261409,0.9999999979261409,2.07385908446156e-07,2.07385908446156e-07,0.7855987744926624,0.7855987744926624,1566140400.0
84,9989.722310120524,9989.722310120524,0.9999999979425859,0.9999999979425859,2.057414127953905e-07,2.057414127953905e-07,1.572341771884742,1.572341771884742,1566226800.0
85,9920.567057734466,9920.567057734466,0.999999997928244,0.999999997928244,2.0717559889860127e-07,2.0717559889860127e-07,0.8862126920730206,0.8862126920730206,1566313200.0
86,9976.666182652474,9976.666182652474,0.9999999979398934,0.9999999979398934,2.0601066408332258e-07,2.0601066408332258e-07,1.4435328061761026,1.4435328061761026,1566399600.0
87,9949.542994508862,9949.542994508862,0.9999999979342775,0.9999999979342775,2.0657224819586872e-07,2.0657224819586872e-07,1.1748606064636906,1.1748606064636906,1566486000.0
88,9568.875767078112,9568.875767078112,0.9999999978520994,0.9999999978520994,2.147900635129929e-07,2.147900635129929e-07,-2.7565826193774576,-2.7565826193774576,1566745200.0
89,9684.209300716106,9684.209300716106,0.9999999978776795,0.9999999978776795,2.122320541531053e-07,2.122320541531053e-07,-1.5328090091581112,-1.5328090091581112,1566831600.0
90,9693.775610979084,9693.775610979084,0.9999999978797739,0.9999999978797739,2.1202261057950977e-07,2.1202261057950977e-07,-1.4326112748765953,-1.4326112748765953,1566918000.0
91,9725.137495402272,9725.137495402272,0.9999999978866114,0.9999999978866114,2.1133885752533388e-07,2.1133885752533388e-07,-1.1055086675305572,-1.1055086675305572,1567004400.0
92,9924.706428950622,9924.706428950622,0.9999999979291079,0.9999999979291079,2.0708921244505518e-07,2.0708921244505518e-07,0.9275508174113947,0.9275508174113947,1567090800.0
93,9921.51779100246,9921.51779100246,0.9999999979284425,0.9999999979284425,2.0715574811092097e-07,2.0715574811092097e-07,0.8957103089594145,0.8957103089594145,1567436400.0
94,9804.283752528148,9804.283752528148,0.999999997903672,0.999999997903672,2.096328000078529e-07,2.096328000078529e-07,-0.2893223159493476,-0.2893223159493476,1567522800.0
95,9975.126894323565,9975.126894323565,0.9999999979395755,0.9999999979395755,2.060424497685176e-07,2.060424497685176e-07,1.4283242959188194,1.4283242959188194,1567609200.0
96,10264.859173598958,10264.859173598958,0.9999999978157377,0.9999999978157377,2.1842623265655448e-07,2.1842623265655448e-07,2.8225645805310084,2.8225645805310084,1567695600.0
97,10190.924173653848,10190.924173653848,0.9999999977998909,0.9999999977998909,2.200109094907532e-07,2.200109094907532e-07,2.1175437639716157,2.1175437639716157,1567954800.0
98,10108.093626610147,10108.093626610147,0.9999999977818621,0.9999999977818621,2.2181378955821174e-07,2.2181378955821174e-07,1.3154481665715902,1.3154481665715902,1568041200.0
99,9906.187155040943,9906.187155040943,0.9999999977366524,0.9999999977366524,2.2633476204347858e-07,2.2633476204347858e-07,-0.695926073308039,-0.695926073308039,1568127600.0
100,9895.51421422494,9895.51421422494,0.999999997734211,0.999999997734211,2.2657890008659365e-07,2.2657890008659365e-07,-0.8045330275427272,-0.8045330275427272,1568214000.0
101,9939.090653205674,9939.090653205674,0.9999999977441454,0.9999999977441454,2.255854614219288e-07,2.255854614219288e-07,-0.36257080627659427,-0.36257080627659427,1568300400.0
102,9980.051094223565,9980.051094223565,0.9999999977534038,0.9999999977534038,2.246596242372334e-07,2.246596242372334e-07,0.049340427754435534,0.049340427754435534,1568559600.0
103,9993.03022282446,9993.03022282446,0.9999999977563216,0.9999999977563216,2.2436783542190142e-07,2.2436783542190142e-07,0.17915815425038353,0.17915815425038353,1568646000.0
104,10116.424537251047,10116.424537251047,0.9999999977836888,0.9999999977836888,2.2163112456397016e-07,2.2163112456397016e-07,1.3967152367636448,1.3967152367636448,1568732400.0
105,10105.032281333604,10105.032281333604,0.9999999977811901,0.9999999977811901,2.218809913578923e-07,2.218809913578923e-07,1.285551430152341,1.285551430152341,1568818800.0
106,10057.180044648218,10057.180044648218,0.9999999977706329,0.9999999977706329,2.229367135342386e-07,2.229367135342386e-07,0.8158663756677549,0.8158663756677549,1568905200.0
107,10011.891179458074,10011.891179458074,0.9999999977605485,0.9999999977605485,2.2394515131196613e-07,2.2394515131196613e-07,0.3672061998630314,0.3672061998630314,1569164400.0
108,10064.439969483556,10064.439969483556,0.9999999977722411,0.9999999977722411,2.227758866268914e-07,2.227758866268914e-07,0.8874122696423977,0.8874122696423977,1569250800.0
109,9924.884466303953,9924.884466303953,0.9999999977409161,0.9999999977409161,2.2590839199310153e-07,2.2590839199310153e-07,-0.5062268300471384,-0.5062268300471384,1569337200.0
110,10074.920626058169,10074.920626058169,0.9999999977745586,0.9999999977745586,2.2254413867273115e-07,2.2254413867273115e-07,0.9905163071607159,0.9905163071607159,1569423600.0
111,10100.059093008542,10100.059093008542,0.9999999977800976,0.9999999977800976,2.2199023730351541e-07,2.2199023730351541e-07,1.236945225117134,1.236945225117134,1569510000.0
112,9856.06843785978,9856.06843785978,0.9999999977251429,0.9999999977251429,2.2748570804864698e-07,2.2748570804864698e-07,-1.2079710811102933,-1.2079710811102933,1569769200.0
113,9949.880953318945,9949.880953318945,0.9999999977465917,0.9999999977465917,2.253408348806829e-07,2.253408348806829e-07,-0.2537310860608642,-0.2537310860608642,1569855600.0
114,9852.87293866013,9852.87293866013,0.9999999977244053,0.9999999977244053,2.2755947126640308e-07,2.2755947126640308e-07,-1.2407950089739006,-1.2407950089739006,1569942000.0
115,9681.72741694955,9681.72741694955,0.9999999976841792,0.9999999976841792,2.3158207573814593e-07,2.3158207573814593e-07,-3.030445546942037,-3.030445546942037,1570028400.0
116,9791.64960866629,9791.64960866629,0.9999999950946776,0.9999999950946776,4.905322370518661e-07,4.905322370518661e-07,1.1226115732271675,1.1226115732271675,1570114800.0
117,9963.042397395862,9963.042397395862,0.999999995179063,0.999999995179063,4.820936982952162e-07,4.820936982952162e-07,2.823585098060427,2.823585098060427,1570374000.0
118,9944.925629062987,9944.925629062987,0.9999999951702809,0.9999999951702809,4.829719069121552e-07,4.829719069121552e-07,2.6465578721299643,2.6465578721299643,1570460400.0
119,9759.95328794262,9759.95328794262,0.9999999950787473,0.9999999950787473,4.921252738654402e-07,4.921252738654402e-07,0.8014984158757263,0.8014984158757263,1570546800.0
120,9921.786447770037,9921.786447770037,0.9999999951590172,0.9999999951590172,4.840982836817886e-07,4.840982836817886e-07,2.419514188137366,2.419514188137366,1570633200.0
121,9994.565756640251,9994.565756640251,0.9999999951942687,0.9999999951942687,4.805731257384593e-07,4.805731257384593e-07,3.1300843609223925,3.1300843609223925,1570719600.0
122,10144.19496161065,10144.19496161065,0.9999999952651542,0.9999999952651542,4.734845848730629e-07,4.734845848730629e-07,4.558937859645302,4.558937859645302,1570978800.0
123,10139.513937474652,10139.513937474652,0.9999999952629685,0.9999999952629685,4.7370315447992084e-07,4.7370315447992084e-07,4.514876387054097,4.514876387054097,1571065200.0
124,10297.813882033643,10297.813882033643,0.999999995335787,0.999999995335787,4.6642130158147665e-07,4.6642130158147665e-07,5.982691784311275,5.982691784311275,1571151600.0
125,10085.525414335914,10085.525414335914,0.9999999952376107,0.9999999952376107,4.762389260726252e-07,4.762389260726252e-07,4.00373784009698,4.00373784009698,1571238000.0
126,10131.305586950593,10131.305586950593,0.9999999952591305,0.9999999952591305,4.740869474773035e-07,4.740869474773035e-07,4.437514653393863,4.437514653393863,1571324400.0
127,10130.220238043397,10130.220238043397,0.9999999952586224,0.9999999952586224,4.741377623851406e-07,4.741377623851406e-07,4.427276115967942,4.427276115967942,1571583600.0
128,10314.392168537495,10314.392168537495,0.999999995343284,0.999999995343284,4.65671601279638e-07,4.65671601279638e-07,6.13380547539965,6.13380547539965,1571670000.0
129,10197.546539557266,10197.546539557266,0.999999995289926,0.999999995289926,4.71007399749368e-07,4.71007399749368e-07,5.058266913583617,5.058266913583617,1571756400.0
130,10106.856265504059,10106.856265504059,0.9999999952476621,0.9999999952476621,4.752337856572808e-07,4.752337856572808e-07,4.206341095455428,4.206341095455428,1571842800.0
131,10551.308737580472,10551.308737580472,0.9999999954478443,0.9999999954478443,4.552155652426393e-07,4.552155652426393e-07,8.241454612485585,8.241454612485585,1571929200.0
132,10555.908574183839,10555.908574183839,0.9999999954498281,0.9999999954498281,4.5501719059259926e-07,4.5501719059259926e-07,8.281439263051572,8.281439263051572,1572188400.0
133,10706.470801436528,10706.470801436528,0.9999999955138159,0.9999999955138159,4.4861840908794193e-07,4.4861840908794193e-07,9.571252782471353,9.571252782471353,1572274800.0
134,10605.561496748769,10605.561496748769,0.9999999954711312,0.9999999954711312,4.5288688355071827e-07,4.5288688355071827e-07,8.710845532152431,8.710845532152431,1572361200.0
135,10639.235985616871,10639.235985616871,0.9999999954854656,0.9999999954854656,4.51453441296934e-07,4.51453441296934e-07,8.999786920430871,8.999786920430871,1572447600.0
136,10628.25226494398,10628.25226494398,0.9999999975791856,0.9999999975791856,2.420814437797958e-07,2.420814437797958e-07,-0.10334456126073839,-0.10334456126073839,1572534000.0
137,10870.387484344472,10870.387484344472,0.9999999976331087,0.9999999976331087,2.366891349581124e-07,2.366891349581124e-07,2.1264329267057382,2.1264329267057382,1572793200.0
138,10991.258599997283,10991.258599997283,0.9999999976591374,0.9999999976591374,2.340862614857997e-07,2.340862614857997e-07,3.2027507239298223,3.2027507239298223,1572879600.0
139,10976.468039911646,10976.468039911646,0.9999999976559831,0.9999999976559831,2.3440168694932595e-07,2.3440168694932595e-07,3.072318464086645,3.072318464086645,1572966000.0
140,10925.232213421395,10925.232213421395,0.9999999976449903,0.9999999976449903,2.3550097427715855e-07,2.3550097427715855e-07,2.6177588010732085,2.6177588010732085,1573052400.0
141,10959.666830109858,10959.666830109858,0.9999999976523897,0.9999999976523897,2.3476103283570637e-07,2.3476103283570637e-07,2.9237279696555767,2.9237279696555767,1573138800.0
142,10962.170389389566,10962.170389389566,0.9999999976529257,0.9999999976529257,2.3470743126807747e-07,2.3470743126807747e-07,2.945898415201312,2.945898415201312,1573398000.0
143,11037.899361541087,11037.899361541087,0.9999999976690286,0.9999999976690286,2.3309714158870065e-07,2.3309714158870065e-07,3.611768533723568,3.611768533723568,1573484400.0
144,11043.03142887152,11043.03142887152,0.9999999976701119,0.9999999976701119,2.3298880602595773e-07,2.3298880602595773e-07,3.656563379860928,3.656563379860928,1573570800.0
145,11194.928360258375,11194.928360258375,0.9999999977017248,0.9999999977017248,2.2982752367894932e-07,2.2982752367894932e-07,4.963786785935973,4.963786785935973,1573657200.0
146,11283.1362364372,11283.1362364372,0.999999997719692,0.999999997719692,2.2803080534927744e-07,2.2803080534927744e-07,5.706748880164618,5.706748880164618,1573743600.0
147,11567.660507701536,11567.660507701536,0.9999999977757794,0.9999999977757794,2.2242205854894337e-07,2.2242205854894337e-07,8.026035354914988,8.026035354914988,1574002800.0
148,11658.179039786603,11658.179039786603,0.9999999977930489,0.9999999977930489,2.2069510663413894e-07,2.2069510663413894e-07,8.740156165832753,8.740156165832753,1574089200.0
149,11677.353454362106,11677.353454362106,0.9999999977966731,0.9999999977966731,2.203326854299803e-07,2.203326854299803e-07,8.890006394021098,8.890006394021098,1574175600.0
150,11529.10923459263,11529.10923459263,0.999999997768342,0.999999997768342,2.2316579695313976e-07,2.2316579695313976e-07,7.7184909160694675,7.7184909160694675,1574262000.0
151,11369.219612764557,11369.219612764557,0.9999999977369574,0.9999999977369574,2.2630426421699212e-07,2.2630426421699212e-07,6.420701261924003,6.420701261924003,1574348400.0
152,11356.619122494503,11356.619122494503,0.9999999977344466,0.9999999977344466,2.265553411540111e-07,2.265553411540111e-07,6.316872381998648,6.316872381998648,1574607600.0
153,11583.985996629359,11583.985996629359,0.9999999977789139,0.9999999977789139,2.2210860928240095e-07,2.2210860928240095e-07,8.155655672299545,8.155655672299545,1574694000.0
154,11516.51298792536,11516.51298792536,0.9999999977659013,0.9999999977659013,2.2340986838287336e-07,2.2340986838287336e-07,7.617557530029114,7.617557530029114,1574780400.0
155,11583.70070789651,11583.70070789651,0.9999999977788595,0.9999999977788595,2.221140493752216e-07,2.221140493752216e-07,8.15339368735422,8.15339368735422,1574953200.0
156,11516.679589488214,11516.679589488214,0.9999999980607964,0.9999999980607964,1.9392035754961512e-07,1.9392035754961512e-07,-0.5819482767365461,-0.5819482767365461,1575212400.0
157,11365.10953896812,11365.10953896812,0.999999998034934,0.999999998034934,1.9650659988101893e-07,1.9650659988101893e-07,-1.9233529441920254,-1.9233529441920254,1575298800.0
158,11354.056714273354,11354.056714273354,0.9999999980330213,0.9999999980330213,1.9669786910370135e-07,1.9669786910370135e-07,-2.0225721907348575,-2.0225721907348575,1575385200.0
159,11461.820958874589,11461.820958874589,0.9999999980515148,0.9999999980515148,1.94848515100432e-07,1.94848515100432e-07,-1.063354151659076,-1.063354151659076,1575471600.0
160,11532.123030100815,11532.123030100815,0.9999999980633932,0.9999999980633932,1.936606763841553e-07,1.936606763841553e-07,-0.4472522332710893,-0.4472522332710893,1575558000.0
161,11612.735938943966,11612.735938943966,0.9999999980768367,0.9999999980768367,1.9231632952809719e-07,1.9231632952809719e-07,0.25002920242149235,0.25002920242149235,1575817200.0
162,11469.319151995007,11469.319151995007,0.9999999980527887,0.9999999980527887,1.947211281105865e-07,1.947211281105865e-07,-0.9972828760424601,-0.9972828760424601,1575903600.0
163,11486.597316359735,11486.597316359735,0.9999999980557177,0.9999999980557177,1.944282290722299e-07,1.944282290722299e-07,-0.8453625461256149,-0.8453625461256149,1575990000.0
164,11512.83642278477,11512.83642278477,0.9999999980601486,0.9999999980601486,1.93985139063102e-07,1.93985139063102e-07,-0.6155241202897239,-0.6155241202897239,1576076400.0
165,11674.246747178135,11674.246747178135,0.9999999980869697,0.9999999980869697,1.913030289735218e-07,1.913030289735218e-07,0.77560498113945,0.77560498113945,1576162800.0
166,11643.693444433959,11643.693444433959,0.9999999980819498,0.9999999980819498,1.9180501631410607e-07,1.9180501631410607e-07,0.5152380284120732,0.5152380284120732,1576422000.0
167,11910.51601485376,11910.51601485376,0.9999999981249184,0.9999999981249184,1.875081645508203e-07,1.875081645508203e-07,2.743922316629052,2.743922316629052,1576508400.0
168,12006.810446129412,12006.810446129412,0.9999999981399568,0.9999999981399568,1.8600432305504455e-07,1.8600432305504455e-07,3.5239145327666708,3.5239145327666708,1576594800.0
169,11946.698873090822,11946.698873090822,0.9999999981305976,0.9999999981305976,1.8694024106480356e-07,1.8694024106480356e-07,3.0384809146896656,3.0384809146896656,1576681200.0
170,11948.724897749467,11948.724897749467,0.9999999981309146,0.9999999981309146,1.869085441974505e-07,1.869085441974505e-07,3.054921700655343,3.054921700655343,1576767600.0
171,12061.69653659964,12061.69653659964,0.9999999981484206,0.9999999981484206,1.8515794453222156e-07,1.8515794453222156e-07,3.962923683685075,3.962923683685075,1577026800.0
172,12211.3991969878,12211.3991969878,0.9999999981711195,0.9999999981711195,1.8288804914945445e-07,1.8288804914945445e-07,5.140266721000527,5.140266721000527,1577113200.0
173,12310.852188489453,12310.852188489453,0.999999998185894,0.999999998185894,1.8141059765497403e-07,1.8141059765497403e-07,5.906589320216369,5.906589320216369,1577286000.0
174,12368.303873099347,12368.303873099347,0.9999999981943208,0.9999999981943208,1.8056791617482304e-07,1.8056791617482304e-07,6.343660159493017,6.343660159493017,1577372400.0
175,12336.526476900552,12336.526476900552,0.9999999966938546,0.9999999966938546,3.3061453574845245e-07,3.3061453574845245e-07,-0.25758787336367894,-0.25758787336367894,1577631600.0
176,12268.860991787815,12268.860991787815,0.9999999966756205,0.9999999966756205,3.3243795494186656e-07,3.3243795494186656e-07,-0.8105306709244922,-0.8105306709244922,1577718000.0
177,12310.253035129785,12310.253035129785,0.9999999966867984,0.9999999966867984,3.3132016019621346e-07,3.3132016019621346e-07,-0.4715649451225903,-0.4715649451225903,1577890800.0
178,12702.083742634619,12702.083742634619,0.9999999967890032,0.9999999967890032,3.2109968017834944e-07,3.2109968017834944e-07,2.627756801940593,2.627756801940593,1577977200.0
179,12540.31251628717,12540.31251628717,0.9999999967475812,0.9999999967475812,3.252418778743049e-07,3.252418778743049e-07,1.3716455866982618,1.3716455866982618,1578236400.0
180,12463.76535679806,12463.76535679806,0.9999999967276062,0.9999999967276062,3.2723938003798025e-07,3.2723938003798025e-07,0.7659120736467151,0.7659120736467151,1578322800.0
181,12589.201761530141,12589.201761530141,0.9999999967602116,0.9999999967602116,3.2397884375257036e-07,3.2397884375257036e-07,1.754661595033051,1.754661595033051,1578409200.0
182,12642.65827474648,12642.65827474648,0.9999999967739103,0.9999999967739103,3.226089728691761e-07,3.226089728691761e-07,2.170068949780535,2.170068949780535,1578495600.0
183,12778.233179684566,12778.233179684566,0.9999999968081386,0.9999999968081386,3.191861441820265e-07,3.191861441820265e-07,3.208028064763641,3.208028064763641,1578582000.0
184,12663.987702043916,12663.987702043916,0.9999999967793437,0.9999999967793437,3.2206562972092456e-07,3.2206562972092456e-07,2.3348398300864304,2.3348398300864304,1578841200.0
185,12835.364753090322,12835.364753090322,0.9999999968223459,0.9999999968223459,3.177654139818742e-07,3.177654139818742e-07,3.6388594245327033,3.6388594245327033,1578927600.0
186,12794.600751168935,12794.600751168935,0.9999999968122218,0.9999999968122218,3.187778152557996e-07,3.187778152557996e-07,3.331849788518343,3.331849788518343,1579014000.0
187,12748.31693630874,12748.31693630874,0.9999999968006481,0.9999999968006481,3.199351894522806e-07,3.199351894522806e-07,2.980888105527637,2.980888105527637,1579100400.0
188,12989.958279707356,12989.958279707356,0.9999999968601633,0.9999999968601633,3.1398367239532377e-07,3.1398367239532377e-07,4.785653604285594,4.785653604285594,1579186800.0
189,13208.944282271757,13208.944282271757,0.9999999969122172,0.9999999969122172,3.0877828072206626e-07,3.0877828072206626e-07,6.36417560107863,6.36417560107863,1579532400.0
190,13162.701530827577,13162.701530827577,0.9999999969013692,0.9999999969013692,3.098630796394275e-07,3.098630796394275e-07,6.035217435172546,6.035217435172546,1579618800.0
191,13167.461705687952,13167.461705687952,0.9999999969024895,0.9999999969024895,3.0975104703401257e-07,3.0975104703401257e-07,6.06918668495837,6.06918668495837,1579705200.0
192,13170.18688797212,13170.18688797212,0.9999999969031307,0.9999999969031307,3.0968693165434047e-07,3.0968693165434047e-07,6.088622900295414,6.088622900295414,1579791600.0
193,12942.541867307717,12942.541867307717,0.9999999965982159,0.9999999965982159,3.4017840766509266e-07,3.4017840766509266e-07,-1.758889582883442,-1.758889582883442,1580050800.0
194,12748.072386085429,12748.072386085429,0.9999999965463222,0.9999999965463222,3.4536777882010483e-07,3.4536777882010483e-07,-3.311202581085367,-3.311202581085367,1580137200.0
195,12923.923861572272,12923.923861572272,0.9999999965933154,0.9999999965933154,3.406684601081622e-07,3.406684601081622e-07,-1.9054818725146,-1.9054818725146,1580223600.0
196,12875.817809894483,12875.817809894483,0.9999999965805874,0.9999999965805874,3.4194126419251347e-07,3.4194126419251347e-07,-2.2862165527957985,-2.2862165527957985,1580310000.0
197,13317.973584262498,13317.973584262498,0.9999999966941119,0.9999999966941119,3.305888118809719e-07,3.305888118809719e-07,1.1096785509847618,1.1096785509847618,1580396400.0
198,13193.170030925357,13193.170030925357,0.999999996662839,0.999999996662839,3.337160991989663e-07,3.337160991989663e-07,0.1742048567506013,0.1742048567506013,1580655600.0
199,14038.705064125485,14038.705064125485,0.9999999968638323,0.9999999968638323,3.1361676589014564e-07,3.1361676589014564e-07,6.186597497320294,6.186597497320294,1580742000.0
200,14963.281638560684,14963.281638560684,0.9999999970576152,0.9999999970576152,2.9423847802689806e-07,2.9423847802689806e-07,11.983298810387435,11.983298810387435,1580828400.0
201,13984.653476852083,13984.653476852083,0.9999999968517106,0.9999999968517106,3.1482894069512213e-07,3.1482894069512213e-07,5.824002648532532,5.824002648532532,1580914800.0
202,14075.11062279383,14075.11062279383,0.999999996871944,0.999999996871944,3.1280560364166377e-07,3.1280560364166377e-07,6.429247762758167,6.429247762758167,1581001200.0
203,13930.215873948591,13930.215873948591,0.9999999968394078,0.9999999968394078,3.1605922323763025e-07,3.1605922323763025e-07,5.455974213564265,5.455974213564265,1581260400.0
204,14315.67554741082,14315.67554741082,0.9999999969245089,0.9999999969245089,3.0754910840258276e-07,3.0754910840258276e-07,8.001638872333038,8.001638872333038,1581346800.0
205,14546.04623879712,14546.04623879712,0.9999999969732164,0.9999999969732164,3.0267836015340777e-07,3.0267836015340777e-07,9.458648269351132,9.458648269351132,1581433200.0
206,14587.147319669326,14587.147319669326,0.9999999969817447,0.9999999969817447,3.018255312348117e-07,3.018255312348117e-07,9.713759658727612,9.713759658727612,1581519600.0
207,14993.223511823433,14993.223511823433,0.9999999970634912,0.9999999970634912,2.9365088138888495e-07,2.9365088138888495e-07,12.159070545528072,12.159070545528072,1581606000.0
208,15402.619745683303,15402.619745683303,0.9999999971415425,0.9999999971415425,2.858457470722442e-07,2.858457470722442e-07,14.493851660116707,14.493851660116707,1581951600.0
209,15851.571999003845,15851.571999003845,0.9999999972225005,0.9999999972225005,2.777499452655263e-07,2.777499452655263e-07,16.915578538205736,16.915578538205736,1582038000.0
210,16324.319485187283,16324.319485187283,0.9999999973029361,0.9999999973029361,2.697063905543473e-07,2.697063905543473e-07,19.32167892252555,19.32167892252555,1582124400.0
211,16207.042091427804,16207.042091427804,0.9999999972834196,0.9999999972834196,2.716580405071056e-07,2.716580405071056e-07,18.737874476564297,18.737874476564297,1582210800.0
212,15788.81638923831,15788.81638923831,0.9999999965494184,0.9999999965494184,3.4505815982299737e-07,3.4505815982299737e-07,-2.648873049626168,-2.648873049626168,1582470000.0
213,15023.541480083299,15023.541480083299,0.9999999963736513,0.9999999963736513,3.626348665797252e-07,3.626348665797252e-07,-7.877640654258998,-7.877640654258998,1582556400.0
214,14472.541218822098,14472.541218822098,0.9999999962355889,0.9999999962355889,3.764411116158328e-07,3.764411116158328e-07,-11.984770652094738,-11.984770652094738,1582642800.0
215,14281.258680761553,14281.258680761553,0.9999999961851682,0.9999999961851682,3.814831783799377e-07,3.814831783799377e-07,-13.484689646161899,-13.484689646161899,1582729200.0
216,13317.98163459648,13317.98163459648,0.9999999959092454,0.9999999959092454,4.0907546239310477e-07,4.0907546239310477e-07,-21.692930175893423,-21.692930175893423,1582815600.0
217,13430.489900872444,13430.489900872444,0.9999999959435137,0.9999999959435137,4.0564862580083627e-07,4.0564862580083627e-07,-20.67349896428569,-20.67349896428569,1583074800.0
218,14173.982729025354,14173.982729025354,0.9999999961562958,0.9999999961562958,3.843704243777779e-07,3.843704243777779e-07,-14.343599828431916,-14.343599828431916,1583161200.0
219,13868.750456726922,13868.750456726922,0.9999999960717011,0.9999999960717011,3.92829890838442e-07,3.92829890838442e-07,-16.86014642773179,-16.86014642773179,1583247600.0
220,14426.73826079085,14426.73826079085,0.9999999962236372,0.9999999962236372,3.7763627780407205e-07,3.7763627780407205e-07,-12.340307271502137,-12.340307271502137,1583334000.0
221,14174.58485176842,14174.58485176842,0.9999999961564591,0.9999999961564591,3.8435409299708567e-07,3.8435409299708567e-07,-14.338742622192663,-14.338742622192663,1583420400.0
222,13943.598669907271,13943.598669907271,0.9999999960927879,0.9999999960927879,3.907212109410807e-07,3.907212109410807e-07,-16.232849747787423,-16.232849747787423,1583679600.0
223,12542.716826986378,12542.716826986378,0.9999999956563959,0.9999999956563959,4.3436041430311434e-07,4.3436041430311434e-07,-29.214765150062377,-29.214765150062377,1583766000.0
224,13156.485482913773,13156.485482913773,0.9999999958590311,0.9999999958590311,4.140968901111819e-07,4.140968901111819e-07,-23.186713598215608,-23.186713598215608,1583852400.0
225,12641.352023330708,12641.352023330708,0.9999999956902873,0.9999999956902873,4.3097126978253186e-07,4.3097126978253186e-07,-28.206556241107013,-28.206556241107013,1583938800.0
226,11466.518263751495,11466.518263751495,0.9999999952487236,0.9999999952487236,4.751276372338964e-07,4.751276372338964e-07,-41.3423126238963,-41.3423126238963,1584025200.0
227,11785.770208309961,11785.770208309961,0.9999999953774258,0.9999999953774258,4.6225742122985025e-07,4.6225742122985025e-07,-37.513644038303696,-37.513644038303696,1584284400.0
228,9966.47123265405,9966.47123265405,0.9999999945336122,0.9999999945336122,5.466387786867699e-07,5.466387786867699e-07,-62.615651147692155,-62.615651147692155,1584370800.0
229,10166.481161083537,10166.481161083537,0.999999994641155,0.999999994641155,5.358845034386661e-07,5.358845034386661e-07,-59.416437552326784,-59.416437552326784,1584457200.0
230,9306.785028711638,9306.785028711638,0.999999994146142,0.999999994146142,5.85385795393023e-07,5.85385795393023e-07,-74.14222034170467,-74.14222034170467,1584543600.0
231,10106.356432289625,10106.356432289625,0.9999999946092741,0.9999999946092741,5.39072586569489e-07,5.39072586569489e-07,-60.3648377138827,-60.3648377138827,1584630000.0
232,10029.437177935773,10029.437177935773,0.9999999964625882,0.9999999964625882,3.537411807919e-07,3.537411807919e-07,-0.7669349036162302,-0.7669349036162302,1584889200.0
233,10531.729984281357,10531.729984281357,0.999999996631299,0.999999996631299,3.3687009848293314e-07,3.3687009848293314e-07,4.038971305061975,4.038971305061975,1584975600.0
234,11075.723420863163,11075.723420863163,0.9999999967967553,0.9999999967967553,3.2032446695140493e-07,3.2032446695140493e-07,8.752177638776681,8.752177638776681,1585062000.0
235,11399.809444733366,11399.809444733366,0.9999999968878209,0.9999999968878209,3.1121790700083807e-07,3.1121790700083807e-07,11.346268713652107,11.346268713652107,1585148400.0
236,11506.388604571786,11506.388604571786,0.9999999969166479,0.9999999969166479,3.0833521291739885e-07,3.0833521291739885e-07,12.167433418039545,12.167433418039545,1585234800.0
237,11530.0979553055,11530.0979553055,0.999999996922988,0.999999996922988,3.0770119785472616e-07,3.0770119785472616e-07,12.34804360322672,12.34804360322672,1585494000.0
238,11652.104758933972,11652.104758933972,0.9999999969552068,0.9999999969552068,3.044793195350337e-07,3.044793195350337e-07,13.265829295425629,13.265829295425629,1585580400.0
239,11759.559630730324,11759.559630730324,0.9999999969830291,0.9999999969830291,3.016970895330928e-07,3.016970895330928e-07,14.058376762004881,14.058376762004881,1585666800.0
240,11228.34046421261,11228.34046421261,0.9999999968402945,0.9999999968402945,3.1597054972465344e-07,3.1597054972465344e-07,9.992429740610497,9.992429740610497,1585753200.0
241,10967.150384886181,10967.150384886181,0.9999999967650439,0.9999999967650439,3.23495608078872e-07,3.23495608078872e-07,7.848838781155178,7.848838781155178,1585839600.0
242,11206.653723157651,11206.653723157651,0.99999999683418,0.99999999683418,3.1658200505546574e-07,3.1658200505546574e-07,9.818250104349612,9.818250104349612,1586098800.0
243,11616.74637039783,11616.74637039783,0.999999996945939,0.999999996945939,3.0540610040930005e-07,3.0540610040930005e-07,13.00183278475485,13.00183278475485,1586185200.0
244,11684.085824947746,11684.085824947746,0.9999999969635407,0.9999999969635407,3.0364593062159884e-07,3.0364593062159884e-07,13.503233511768356,13.503233511768356,1586271600.0
245,11802.68594692016,11802.68594692016,0.9999999969940531,0.9999999969940531,3.0059469358079127e-07,3.0059469358079127e-07,14.37240236891317,14.37240236891317,1586358000.0
246,12291.869590578628,12291.869590578628,0.9999999971136816,0.9999999971136816,2.886318406503108e-07,2.886318406503108e-07,17.780152499861675,17.780152499861675,1586703600.0
247,13035.710980528795,13035.710980528795,0.9999999972783802,0.9999999972783802,2.7216198184021323e-07,2.7216198184021323e-07,22.471766615681275,22.471766615681275,1586790000.0
248,13734.813215208744,13734.813215208744,0.9999999974169107,0.9999999974169107,2.583089298013874e-07,2.583089298013874e-07,26.417955061094528,26.417955061094528,1586876400.0
249,14102.12153752576,14102.12153752576,0.9999999974841904,0.9999999974841904,2.515809560676985e-07,2.515809560676985e-07,28.334496299747514,28.334496299747514,1586962800.0
250,14491.902258507314,14491.902258507314,0.9999999975518571,0.9999999975518571,2.4481429106160135e-07,2.4481429106160135e-07,30.26204391934263,30.26204391934263,1587049200.0
251,15160.152767221045,15160.152767221045,0.9999999988863629,0.9999999988863629,1.1136370714481814e-07,1.1136370714481814e-07,4.4079404671871565,4.4079404671871565,1587308400.0
252,15858.67505798642,15858.67505798642,0.9999999989354149,0.9999999989354149,1.0645850867518902e-07,1.0645850867518902e-07,8.618455164013211,8.618455164013211,1587394800.0
253,15178.030262827644,15178.030262827644,0.9999999988876748,0.9999999988876748,1.1123252319222843e-07,1.1123252319222843e-07,4.520533906173046,4.520533906173046,1587481200.0
254,15818.422630617837,15818.422630617837,0.9999999989327061,0.9999999989327061,1.0672939199096731e-07,1.0672939199096731e-07,8.38592066406757,8.38592066406757,1587567600.0
255,15190.534181679965,15190.534181679965,0.9999999988885905,0.9999999988885905,1.1114095199715734e-07,1.1114095199715734e-07,4.59912676418721,4.59912676418721,1587654000.0
256,15722.672934423019,15722.672934423019,0.9999999989262064,0.9999999989262064,1.0737936095850387e-07,1.0737936095850387e-07,7.827998973514676,7.827998973514676,1587913200.0
257,16126.867496276922,16126.867496276922,0.9999999989531192,0.9999999989531192,1.0468808042674027e-07,1.0468808042674027e-07,10.13814516766544,10.13814516766544,1587999600.0
258,15536.94875296666,15536.94875296666,0.9999999989133705,0.9999999989133705,1.0866294530842424e-07,1.0866294530842424e-07,6.726201592573329,6.726201592573329,1588086000.0
259,15843.702624708496,15843.702624708496,0.999999998934409,0.999999998934409,1.0655909488122006e-07,1.0655909488122006e-07,8.5320988295566,8.5320988295566,1588172400.0
260,15579.596726682143,15579.596726682143,0.9999999989163453,0.9999999989163453,1.0836547215120618e-07,1.0836547215120618e-07,6.981531597104862,6.981531597104862,1588258800.0
261,15166.05205101405,15166.05205101405,0.9999999988867964,0.9999999988867964,1.1132036403793677e-07,1.1132036403793677e-07,4.445123821539706,4.445123821539706,1588518000.0
262,15948.86651366222,15948.86651366222,0.9999999989414354,0.9999999989414354,1.0585645693339529e-07,1.0585645693339529e-07,9.135221326900139,9.135221326900139,1588604400.0
263,16138.488635902826,16138.488635902826,0.9999999989538731,0.9999999989538731,1.0461268518113798e-07,1.0461268518113798e-07,10.20285365342328,10.20285365342328,1588690800.0
264,16353.748414030484,16353.748414030484,0.9999999989676431,0.9999999989676431,1.0323568666592564e-07,1.0323568666592564e-07,11.384828165301991,11.384828165301991,1588777200.0
265,17046.987191464923,17046.987191464923,0.9999999990096252,0.9999999990096252,9.903747821837783e-08,9.903747821837783e-08,14.98848391366708,14.98848391366708,1588863600.0
266,18038.50946954228,18038.50946954228,0.9999999990640631,0.9999999990640631,9.359368835504256e-08,9.359368835504256e-08,19.661309694259117,19.661309694259117,1589122800.0
267,18856.090472776494,18856.090472776494,0.9999999991046444,0.9999999991046444,8.95355567465117e-08,8.95355567465117e-08,23.144714014657385,23.144714014657385,1589209200.0
268,18524.114785372094,18524.114785372094,0.9999999990885985,0.9999999990885985,9.11401509817722e-08,9.11401509817722e-08,21.76736958059065,21.76736958059065,1589295600.0
269,18714.136147141442,18714.136147141442,0.9999999990978528,0.9999999990978528,9.02147245795959e-08,9.02147245795959e-08,22.561735446597496,22.561735446597496,1589382000.0
270,18819.466380057806,18819.466380057806,0.9999999991029022,0.9999999991029022,8.970978404576613e-08,8.970978404576613e-08,22.995147865277573,22.995147865277573,1589468400.0
271,19213.10420387425,19213.10420387425,0.9999999985873772,0.9999999985873772,1.412622796514995e-07,1.412622796514995e-07,2.0487986721951446,2.0487986721951446,1589727600.0
272,20853.48418076724,20853.48418076724,0.9999999986984972,0.9999999986984972,1.3015027944263124e-07,1.3015027944263124e-07,9.753851121844512,9.753851121844512,1589814000.0
273,19799.252127428168,19799.252127428168,0.9999999986291971,0.9999999986291971,1.3708029156234147e-07,1.3708029156234147e-07,4.948599780761677,4.948599780761677,1589900400.0
274,19908.491322243644,19908.491322243644,0.9999999986367188,0.9999999986367188,1.3632811546315793e-07,1.3632811546315793e-07,5.47015303449477,5.47015303449477,1589986800.0
275,19327.287223968226,19327.287223968226,0.9999999985957229,0.9999999985957229,1.4042771390165854e-07,1.4042771390165854e-07,2.6274812291331773,2.6274812291331773,1590073200.0
276,19962.406005379144,19962.406005379144,0.9999999986404008,0.9999999986404008,1.3595992109927124e-07,1.3595992109927124e-07,5.725460272741457,5.725460272741457,1590418800.0
277,18373.768208057038,18373.768208057038,0.9999999985228467,0.9999999985228467,1.4771532885760053e-07,1.4771532885760053e-07,-2.4257308950121983,-2.4257308950121983,1590505200.0
278,17378.696460192703,17378.696460192703,0.9999999984382679,0.9999999984382679,1.561732076993394e-07,1.561732076993394e-07,-8.290437221026906,-8.290437221026906,1590591600.0
279,17693.950423316855,17693.950423316855,0.9999999984660931,0.9999999984660931,1.533906890394121e-07,1.533906890394121e-07,-6.361021308490609,-6.361021308490609,1590678000.0
280,19119.640827023137,19119.640827023137,0.9999999985804717,0.9999999985804717,1.419528272705861e-07,1.419528272705861e-07,1.5699795288051286,1.5699795288051286,1590937200.0
281,19589.702950795072,19589.702950795072,0.9999999986145338,0.9999999986145338,1.3854661862211515e-07,1.3854661862211515e-07,3.931844054358178,3.931844054358178,1591023600.0
282,19333.31323772614,19333.31323772614,0.9999999985961604,0.9999999985961604,1.4038396001225806e-07,1.4038396001225806e-07,2.6578313367707445,2.6578313367707445,1591110000.0
283,19313.870440939267,19313.870440939267,0.9999999985947473,0.9999999985947473,1.4052526919883235e-07,1.4052526919883235e-07,2.5598393775774735,2.5598393775774735,1591196400.0
284,18919.39610806306,18919.39610806306,0.9999999985654474,0.9999999985654474,1.434552587831206e-07,1.434552587831206e-07,0.5281866685093053,0.5281866685093053,1591282800.0
285,19080.3983578461,19080.3983578461,0.9999999985775523,0.9999999985775523,1.4224477151714154e-07,1.4224477151714154e-07,1.3675394658675915,1.3675394658675915,1591542000.0
286,19581.083622281163,19581.083622281163,0.9999999986139241,0.9999999986139241,1.3860759207062756e-07,1.3860759207062756e-07,3.889556149776717,3.889556149776717,1591628400.0
287,19497.081904128096,19497.081904128096,0.9999999986079521,0.9999999986079521,1.3920479213780368e-07,1.3920479213780368e-07,3.4754714956950457,3.4754714956950457,1591714800.0
288,20431.234603479978,20431.234603479978,0.9999999986715992,0.9999999986715992,1.328400833777721e-07,1.328400833777721e-07,7.888746102243112,7.888746102243112,1591801200.0
289,19976.247286316462,19976.247286316462,0.999999998641343,0.999999998641343,1.358656964711713e-07,1.358656964711713e-07,5.790781870481954,5.790781870481954,1591887600.0
290,19965.92523835822,19965.92523835822,0.999999998396478,0.999999998396478,1.6035219818633095e-07,1.6035219818633095e-07,-0.05169832018810048,-0.05169832018810048,1592146800.0
291,21390.585901709386,21390.585901709386,0.9999999985032764,0.9999999985032764,1.4967236339202827e-07,1.4967236339202827e-07,6.611967628618808,6.611967628618808,1592233200.0
292,21202.183907342867,21202.183907342867,0.9999999984899764,0.9999999984899764,1.5100235506437798e-07,1.5100235506437798e-07,5.782124267877099,5.782124267877099,1592319600.0
293,21228.50443485845,21228.50443485845,0.9999999984918485,0.9999999984918485,1.5081514925796569e-07,1.5081514925796569e-07,5.898941926807174,5.898941926807174,1592406000.0
294,21502.696633468036,21502.696633468036,0.9999999985110799,0.9999999985110799,1.4889200983247974e-07,1.4889200983247974e-07,7.098874030412176,7.098874030412176,1592492400.0
295,21768.4708762461,21768.4708762461,0.9999999985292582,0.9999999985292582,1.470741750608795e-07,1.470741750608795e-07,8.233116602991732,8.233116602991732,1592751600.0
296,21670.94291559138,21670.94291559138,0.9999999985226397,0.9999999985226397,1.4773603451700978e-07,1.4773603451700978e-07,7.820128712791965,7.820128712791965,1592838000.0
297,21597.74173153257,21597.74173153257,0.9999999985176319,0.9999999985176319,1.482368117144972e-07,1.482368117144972e-07,7.507703654260917,7.507703654260917,1592924400.0
298,21491.614931182685,21491.614931182685,0.9999999985103121,0.9999999985103121,1.4896879285686282e-07,1.4896879285686282e-07,7.05097150548487,7.05097150548487,1593010800.0
299,21610.05502375761,21610.05502375761,0.9999999985184768,0.9999999985184768,1.4815232374232323e-07,1.4815232374232323e-07,7.560405263406214,7.560405263406214,1593097200.0
300,21570.557376132387,21570.557376132387,0.999999998515764,0.999999998515764,1.4842359563616014e-07,1.4842359563616014e-07,7.391139978515408,7.391139978515408,1593356400.0
301,21776.26160068852,21776.26160068852,0.9999999985297846,0.9999999985297846,1.4702153938728202e-07,1.4702153938728202e-07,8.265947330074058,8.265947330074058,1593442800.0
302,22417.005596427953,22417.005596427953,0.9999999985718077,0.9999999985718077,1.4281923421677334e-07,1.4281923421677334e-07,10.887976539116414,10.887976539116414,1593529200.0
303,22667.08022875216,22667.08022875216,0.999999998587564,0.999999998587564,1.4124359459799507e-07,1.4124359459799507e-07,11.871105211965052,11.871105211965052,1593615600.0
304,23552.564979909526,23552.564979909526,0.9999999986406661,0.9999999986406661,1.359333867689827e-07,1.359333867689827e-07,15.184408562904645,15.184408562904645,1593961200.0
305,24409.68450334598,24409.68450334598,0.9999999986883978,0.9999999986883978,1.31160216021442e-07,1.31160216021442e-07,18.162615811039267,18.162615811039267,1594047600.0
306,25020.472556389832,25020.472556389832,0.9999999987204159,0.9999999987204159,1.2795841053403478e-07,1.2795841053403478e-07,20.160391690064834,20.160391690064834,1594134000.0
307,25229.897409041376,25229.897409041376,0.9999999987310373,0.9999999987310373,1.2689627126860614e-07,1.2689627126860614e-07,20.823113299074365,20.823113299074365,1594220400.0
308,25829.377111901027,25829.377111901027,0.9999999987604891,0.9999999987604891,1.2395109383334102e-07,1.2395109383334102e-07,22.66074710290905,22.66074710290905,1594306800.0
309,26660.8288513168,26660.8288513168,0.9999999970028624,0.9999999970028624,2.9971376491744195e-07,2.9971376491744195e-07,3.1186267465750914,3.1186267465750914,1594566000.0
310,26127.780533535937,26127.780533535937,0.9999999969417159,0.9999999969417159,3.0582840704340697e-07,3.0582840704340697e-07,1.1420924990237784,1.1420924990237784,1594652400.0
311,26674.769974645533,26674.769974645533,0.9999999970044288,0.9999999970044288,2.995571235508976e-07,2.995571235508976e-07,3.169260179368203,3.169260179368203,1594738800.0
312,27183.247147021695,27183.247147021695,0.9999999970604625,0.9999999970604625,2.939537502300027e-07,2.939537502300027e-07,4.980530941716439,4.980530941716439,1594825200.0
313,26833.67731186879,26833.67731186879,0.9999999970221685,0.9999999970221685,2.977831536910003e-07,2.977831536910003e-07,3.742685686704414,3.742685686704414,1594911600.0
314,27977.739192732115,27977.739192732115,0.9999999971439374,0.9999999971439374,2.856062608636023e-07,2.856062608636023e-07,7.678826605793704,7.678826605793704,1595170800.0
315,28483.421726073764,28483.421726073764,0.9999999971946428,0.9999999971946428,2.8053571687891576e-07,2.8053571687891576e-07,9.317857382784945,9.317857382784945,1595257200.0
316,27693.252383235696,27693.252383235696,0.9999999971145976,0.9999999971145976,2.8854023614854896e-07,2.8854023614854896e-07,6.73043110119842,6.73043110119842,1595343600.0
317,28075.62500112886,28075.62500112886,0.9999999971538951,0.9999999971538951,2.8461049073058575e-07,2.8461049073058575e-07,8.000704843213706,8.000704843213706,1595430000.0
318,26656.294601955462,26656.294601955462,0.9999999970023524,0.9999999970023524,2.99764757460963e-07,2.99764757460963e-07,3.1021471753758787,3.1021471753758787,1595516400.0
319,25663.041228421414,25663.041228421414,0.9999999968863328,0.9999999968863328,3.113667212950588e-07,3.113667212950588e-07,-0.6481534359045363,-0.6481534359045363,1595775600.0
320,27169.718423999235,27169.718423999235,0.9999999970589989,0.9999999970589989,2.9410011093133903e-07,2.9410011093133903e-07,4.9332175298300935,4.9332175298300935,1595862000.0
321,26848.35787336088,26848.35787336088,0.9999999970237967,0.9999999970237967,2.9762032838220875e-07,2.9762032838220875e-07,3.7953187538180644,3.7953187538180644,1595948400.0
322,27169.015825151484,27169.015825151484,0.9999999970589226,0.9999999970589226,2.941077381635182e-07,2.941077381635182e-07,4.930759074498005,4.930759074498005,1596034800.0
323,27043.985085045722,27043.985085045722,0.9999999970453255,0.9999999970453255,2.9546745050623713e-07,2.9546745050623713e-07,4.491231485763268,4.491231485763268,1596121200.0
324,26564.001719996962,26564.001719996962,0.9999999969919378,0.9999999969919378,3.008062243736731e-07,3.008062243736731e-07,2.765489235542856,2.765489235542856,1596380400.0
325,27682.087114494196,27682.087114494196,0.999999997113434,0.999999997113434,2.886565986237599e-07,2.886565986237599e-07,6.692811835069694,6.692811835069694,1596466800.0
326,27735.44835153684,27735.44835153684,0.9999999971189875,0.9999999971189875,2.8810125396461217e-07,2.8810125396461217e-07,6.872328925341477,6.872328925341477,1596553200.0
327,27651.281961995057,27651.281961995057,0.9999999971102181,0.9999999971102181,2.8897818582507284e-07,2.8897818582507284e-07,6.588862146059355,6.588862146059355,1596639600.0
328,27143.99796053326,27143.99796053326,0.999999997056212,0.999999997056212,2.9437879911498044e-07,2.9437879911498044e-07,4.843136411016758,4.843136411016758,1596726000.0
329,26592.973253829743,26592.973253829743,0.999999996310742,0.999999996310742,3.6892580101977046e-07,3.6892580101977046e-07,-2.0720688184957305,-2.0720688184957305,1596985200.0
330,25792.388443867352,25792.388443867352,0.999999996196229,0.999999996196229,3.803770964871944e-07,3.803770964871944e-07,-5.24034259024692,-5.24034259024692,1597071600.0
331,24713.312648030664,24713.312648030664,0.9999999960301421,0.9999999960301421,3.9698578868652135e-07,3.9698578868652135e-07,-9.8355301335788,-9.8355301335788,1597158000.0
332,26034.071929233076,26034.071929233076,0.9999999962315408,0.9999999962315408,3.7684592113507165e-07,3.7684592113507165e-07,-4.263359317425378,-4.263359317425378,1597244400.0
333,26628.801404236267,26628.801404236267,0.9999999963157058,0.9999999963157058,3.6842942030546055e-07,3.6842942030546055e-07,-1.9347343069486858,-1.9347343069486858,1597330800.0
334,26800.045591829887,26800.045591829887,0.9999999963392473,0.9999999963392473,3.6607527009735463e-07,3.6607527009735463e-07,-1.2834021775255025,-1.2834021775255025,1597590000.0
335,28569.590124346672,28569.590124346672,0.9999999965659873,0.9999999965659873,3.4340127408327703e-07,3.4340127408327703e-07,4.989893651286719,4.989893651286719,1597676400.0
336,28836.049215255713,28836.049215255713,0.9999999965977191,0.9999999965977191,3.4022809014544464e-07,3.4022809014544464e-07,5.867833149026786,5.867833149026786,1597762800.0
337,28754.505501522184,28754.505501522184,0.9999999965880707,0.9999999965880707,3.4119292946499513e-07,3.4119292946499513e-07,5.600887627518654,5.600887627518654,1597849200.0
338,29877.365371132877,29877.365371132877,0.9999999967162988,0.9999999967162988,3.283701199841005e-07,3.283701199841005e-07,9.148622633375032,9.148622633375032,1597935600.0
339,29896.426968817246,29896.426968817246,0.9999999967183925,0.9999999967183925,3.2816075412611667e-07,3.2816075412611667e-07,9.206548364976326,9.206548364976326,1598194800.0
340,29279.46917508012,29279.46917508012,0.9999999966492444,0.9999999966492444,3.3507555619038953e-07,3.3507555619038953e-07,7.293408230106752,7.293408230106752,1598281200.0
341,29674.32327996003,29674.32327996003,0.9999999966938308,0.9999999966938308,3.306169227279554e-07,3.306169227279554e-07,8.526985756522967,8.526985756522967,1598367600.0
342,31010.555130172845,31010.555130172845,0.999999996836292,0.999999996836292,3.1637079622726105e-07,3.1637079622726105e-07,12.468519681150363,12.468519681150363,1598454000.0
343,31285.293991645533,31285.293991645533,0.9999999968640749,0.9999999968640749,3.135925075170576e-07,3.135925075170576e-07,13.237197106788159,13.237197106788159,1598540400.0
344,31132.18496341531,31132.18496341531,0.9999999968486524,0.9999999968486524,3.151347627294854e-07,3.151347627294854e-07,12.810495015267097,12.810495015267097,1598799600.0
345,33166.24907636736,33166.24907636736,0.9999999970419222,0.9999999970419222,2.958077782722057e-07,2.958077782722057e-07,18.157769671112014,18.157769671112014,1598886000.0
346,35795.67360568515,35795.67360568515,0.9999999972592125,0.9999999972592125,2.740787485855378e-07,2.740787485855378e-07,24.169612619827372,24.169612619827372,1598972400.0
347,34580.01288380942,34580.01288380942,0.9999999971628598,0.9999999971628598,2.837140189448917e-07,2.837140189448917e-07,21.5037945424183,21.5037945424183,1599058800.0
348,31956.504899873395,31956.504899873395,0.9999999969299416,0.9999999969299416,3.0700584296994293e-07,3.0700584296994293e-07,15.05955345998805,15.05955345998805,1599145200.0
349,31133.533319022667,31133.533319022667,0.9999999980886563,0.9999999980886563,1.91134374993851e-07,1.91134374993851e-07,-2.6433606889966774,-2.6433606889966774,1599490800.0
350,27554.238119659087,27554.238119659087,0.9999999978403729,0.9999999978403729,2.1596271437829273e-07,2.1596271437829273e-07,-15.976732004335211,-15.976732004335211,1599577200.0
351,29851.76390912249,29851.76390912249,0.9999999980065873,0.9999999980065873,1.9934126571641286e-07,1.9934126571641286e-07,-7.050641955893639,-7.050641955893639,1599663600.0
352,29678.00593385091,29678.00593385091,0.9999999979949162,0.9999999979949162,2.005083765688198e-07,2.005083765688198e-07,-7.677399118731282,-7.677399118731282,1599750000.0
353,29595.647568593282,29595.647568593282,0.9999999979893366,0.9999999979893366,2.0106634135430568e-07,2.0106634135430568e-07,-7.977042319511335,-7.977042319511335,1600009200.0
354,31803.65995388207,31803.65995388207,0.9999999981289297,0.9999999981289297,1.87107029869793e-07,1.87107029869793e-07,-0.4805891718530562,-0.4805891718530562,1600095600.0
355,32948.792887958654,32948.792887958654,0.9999999981939586,0.9999999981939586,1.8060414275211656e-07,1.8060414275211656e-07,3.0116064993928697,3.0116064993928697,1600182000.0
356,32614.14835571839,32614.14835571839,0.9999999981754273,0.9999999981754273,1.8245727151366964e-07,1.8245727151366964e-07,2.016436083727103,2.016436083727103,1600268400.0
357,32128.26659198584,32128.26659198584,0.9999999981478341,0.9999999981478341,1.8521658651238226e-07,1.8521658651238226e-07,0.5346123844580296,0.5346123844580296,1600354800.0
358,33302.74925815859,33302.74925815859,0.9999999982131542,0.9999999982131542,1.786845782447699e-07,1.786845782447699e-07,4.042442105452873,4.042442105452873,1600614000.0
359,34438.59992831168,34438.59992831168,0.9999999982720875,0.9999999982720875,1.7279124797653367e-07,1.7279124797653367e-07,7.207305272586812,7.207305272586812,1600700400.0
360,34550.2240699907,34550.2240699907,0.99999999827767,0.99999999827767,1.722329945330614e-07,1.722329945330614e-07,7.507097970951021,7.507097970951021,1600786800.0
361,33435.39008242202,33435.39008242202,0.9999999982202425,0.9999999982202425,1.7797574525246773e-07,1.7797574525246773e-07,4.423113290746724,4.423113290746724,1600873200.0
362,32505.823614553,32505.823614553,0.999999998169347,0.999999998169347,1.8306529625533585e-07,1.8306529625533585e-07,1.6899086182011784,1.6899086182011784,1600959600.0
363,34349.55250977031,34349.55250977031,0.9999999982676083,0.9999999982676083,1.732391674558187e-07,1.732391674558187e-07,6.966750467029352,6.966750467029352,1601218800.0
364,34609.41928210202,34609.41928210202,0.9999999982806159,0.9999999982806159,1.7193840795570736e-07,1.7193840795570736e-07,7.665295856612525,7.665295856612525,1601305200.0
365,34066.44070393687,34066.44070393687,0.999999998253211,0.999999998253211,1.746789046741526e-07,1.746789046741526e-07,6.193590408814371,6.193590408814371,1601391600.0
366,34553.18277908703,34553.18277908703,0.9999999982778176,0.9999999982778176,1.7221823966906413e-07,1.7221823966906413e-07,7.515017924152702,7.515017924152702,1601478000.0
367,35442.598546971014,35442.598546971014,0.9999999983210351,0.9999999983210351,1.6789648560333603e-07,1.6789648560333603e-07,9.835886165281044,9.835886165281044,1601564400.0
368,34398.417464379636,34398.417464379636,0.9999999977780325,0.9999999977780325,2.2219674988832594e-07,2.2219674988832594e-07,-3.035549771069119,-3.035549771069119,1601823600.0
369,35236.34424600206,35236.34424600206,0.9999999978308712,0.9999999978308712,2.1691287654945768e-07,2.1691287654945768e-07,-0.585345345501772,-0.585345345501772,1601910000.0
370,34646.84023659666,34646.84023659666,0.9999999977939643,0.9999999977939643,2.206035687457586e-07,2.206035687457586e-07,-2.2967702247600887,-2.2967702247600887,1601996400.0
371,35169.563725018386,35169.563725018386,0.9999999978267525,0.9999999978267525,2.1732474708713312e-07,2.1732474708713312e-07,-0.7763383819242466,-0.7763383819242466,1602082800.0
372,35079.57303658365,35079.57303658365,0.9999999978211774,0.9999999978211774,2.178822566811789e-07,2.178822566811789e-07,-1.0348629671426501,-1.0348629671426501,1602169200.0
373,35712.383229035266,35712.383229035266,0.9999999978597851,0.9999999978597851,2.1402148941973564e-07,2.1402148941973564e-07,0.7554373516156392,0.7554373516156392,1602428400.0
374,36275.239755296585,36275.239755296585,0.9999999978929933,0.9999999978929933,2.107006680240886e-07,2.107006680240886e-07,2.295343087853736,2.295343087853736,1602514800.0
375,37458.23244430638,37458.23244430638,0.999999997959536,0.999999997959536,2.0404640199700452e-07,2.0404640199700452e-07,5.381017111077636,5.381017111077636,1602601200.0
376,37336.891487007735,37336.891487007735,0.9999999979529047,0.9999999979529047,2.0470952710738288e-07,2.0470952710738288e-07,5.07351540150546,5.07351540150546,1602687600.0
