,realized_pnl,realized_pnl_percentage,realized_pnl_percentage_weighted
0,0.0,0.0,0.0
1,0.0,0.0,0.0
2,0.0,0.0,0.0
3,0.0,0.0,0.0
4,0.0,0.0,0.0
5,419.662703109,11.199469847581177,3.7894508937725564
6,54.506941848000146,2.230483271375472,0.49218426601294807
7,290.61304624799976,17.695473251028805,2.6241642626040416
8,216.648888349,15.561973297983144,1.956286125754934
9,93.0674672249999,12.014345487148814,0.840376317085588
10,0.0,0.0,0.0
11,0.0,0.0,0.0
12,0.0,0.0,0.0
13,0.0,0.0,0.0
14,0.0,0.0,0.0
15,-37.26795393999967,-1.0878010878010769,-0.3509235335729194
16,-175.97887684200015,-6.087918390757519,-1.6570571433841594
17,-357.3827528960001,-17.004370282081847,-3.3651973136543742
18,59.68774781200023,4.108858057630749,0.562033413664689
19,56.40707605200006,4.686868686868695,0.5311418619480143
20,0.0,0.0,0.0
21,0.0,0.0,0.0
22,0.0,0.0,0.0
23,0.0,0.0,0.0
24,11.501977158000045,0.274941084053415,0.10831355767551978
25,-0.2040612959998144,-0.008724861492814817,-0.0019216352675717186
26,6.1397136000000385,0.5789270551910475,0.05781738339327476
27,-18.253764672000024,-1.9989748846745314,-0.1718948112517224
28,0.0,0.0,0.0
29,0.0,0.0,0.0
30,0.0,0.0,0.0
31,0.0,0.0,0.0
32,-176.29237214599993,-5.414248942018229,-1.6540290438120122
33,242.1663473539997,7.598903251077149,2.27207886014297
34,-46.75951984900013,-3.2872857508314257,-0.438712140312563
35,20.09752298999998,3.190376569037645,0.18856111770173295
36,0.0,0.0,0.0
37,0.0,0.0,0.0
38,0.0,0.0,0.0
39,0.0,0.0,0.0
40,0.0,0.0,0.0
41,236.70643395600004,5.387695668001458,2.138022104437904
42,-28.207742521000235,-1.1854243542435472,-0.25478300702803
43,61.436698684000156,4.1790113831280395,0.5549195161906747
44,106.59806247999988,7.406427721200881,0.9628340474887861
45,36.387367323999996,3.7283693064805057,0.3286644742215783
46,0.0,0.0,0.0
47,0.0,0.0,0.0
48,0.0,0.0,0.0
49,0.0,0.0,0.0
50,0.0,0.0,0.0
51,-23.1295644,-0.8635578583765069,-0.20824644819555257
52,171.272217413,6.483632523759231,1.5420450784984834
53,8.878309615000216,0.4309814062307682,0.07993563611185947
54,-53.12865729599999,-2.670027540493858,-0.47834252249431597
55,-68.35025769599993,-4.017224041461464,-0.6153898167854264
56,0.0,0.0,0.0
57,0.0,0.0,0.0
58,0.0,0.0,0.0
59,0.0,0.0,0.0
60,0.0,0.0,0.0
61,94.78029408200021,2.8919860627177663,0.8982726966827729
62,-703.4031444519999,-24.95041650138833,-6.666447340576827
63,-72.5778760590002,-3.1510544384502293,-0.6878510462377574
64,-42.55688326399994,-2.89674356145988,-0.4033294754170534
65,168.328908218,13.598388179986575,1.595323835815839
66,0.0,0.0,0.0
67,0.0,0.0,0.0
68,0.0,0.0,0.0
69,0.0,0.0,0.0
70,0.0,0.0,0.0
71,49.37182681699996,1.4561462919065349,0.45445268754355256
72,272.9175853800002,12.025634581553168,2.5121235763375087
73,-38.80550535,-2.2737608003638,-0.35719290402519477
74,25.344011064000053,1.5040083240712265,0.23328393303855907
75,3.7968951000000537,0.25319660716547343,0.03494926750253109
76,0.0,0.0,0.0
77,0.0,0.0,0.0
78,0.0,0.0,0.0
79,0.0,0.0,0.0
80,0.0,0.0,0.0
81,136.9757201279999,4.419517666853623,1.2498054249360335
82,-78.80801558400022,-2.703604806408555,-0.7190667463787485
83,55.39086597500003,2.0664911585863033,0.5054020137493593
84,-93.55638482999984,-6.281991624011162,-0.8536350616640076
85,75.74231271600006,11.137769920444507,0.691094401556702
86,0.0,0.0,0.0
87,0.0,0.0,0.0
88,0.0,0.0,0.0
89,0.0,0.0,0.0
90,0.0,0.0,0.0
91,576.28719525,17.456225158448802,4.715312108648243
92,642.3322230479995,20.84455603743436,5.255707456417194
93,-46.17868392799996,-1.7838765008576285,-0.37784443118274935
94,132.72736849199995,10.157936598113837,1.086005333725736
95,-43.31876160000004,-6.35551142005959,-0.3544439001729264
96,0.0,0.0,0.0
97,0.0,0.0,0.0
98,0.0,0.0,0.0
99,0.0,0.0,0.0
100,0.0,0.0,0.0
101,-200.16417990200037,-4.920431680995074,-1.7688864684981296
102,-265.6560509249995,-6.601563975671477,-2.3476497842218844
103,-243.47748389999995,-14.66992665036675,-2.1516538416890696
104,-182.646440757,-11.232594120680762,-1.6140790911369944
105,-13.839119364000013,-1.640270629381313,-0.12229875990247255
106,0.0,0.0,0.0
107,0.0,0.0,0.0
108,0.0,0.0,0.0
109,0.0,0.0,0.0
110,0.0,0.0,0.0
111,-69.32733692399944,-1.2889572912658576,-0.5905253667776093
112,349.79674260599967,9.260420247942225,2.979543984957448
113,22.14840592499998,2.6225486390385466,0.18865855970694712
114,78.62954502000004,9.690913316290972,0.6697609193238486
115,42.86520118600003,8.504538939321549,0.3651227607387864
116,0.0,0.0,0.0
117,0.0,0.0,0.0
118,0.0,0.0,0.0
119,0.0,0.0,0.0
120,0.0,0.0,0.0
121,-186.1801288710005,-3.5373221594231286,-1.5531753439085534
122,187.5192826,5.645429978158667,1.5643470009817224
123,42.294882806000004,3.326271186440688,0.35283770371271417
124,59.88957440000015,5.204865944441095,0.49961835819604383
125,143.59856700499995,19.59489211800969,1.1979460699981614
126,0.0,0.0,0.0
127,0.0,0.0,0.0
128,0.0,0.0,0.0
129,0.0,0.0,0.0
130,0.0,0.0,0.0
131,204.69377644600047,4.707546216789593,1.585408698223606
132,444.95634809800015,12.542925222510348,3.4463073418867682
133,120.44859676999991,6.995581737849776,0.9329069809719502
134,84.42921192499999,6.435885635390903,0.6539270968278362
135,69.51232516499996,6.571662907525111,0.5383917716687957
136,0.0,0.0,0.0
137,0.0,0.0,0.0
138,0.0,0.0,0.0
139,0.0,0.0,0.0
140,0.0,0.0,0.0
141,-12.950588860000266,-0.34249241067954017,-0.09533740384640586
142,440.4954026339997,14.722624216111901,3.2427628231726535
143,251.0519615900002,9.428768066070203,1.848150883892528
144,24.54071318999978,1.3985163565608527,0.18065957535723826
145,-30.28839093899997,-1.7604617604617623,-0.22297183471927476
146,0.0,0.0,0.0
147,0.0,0.0,0.0
148,0.0,0.0,0.0
149,0.0,0.0,0.0
150,0.0,0.0,0.0
151,-253.09582719999986,-6.324110671936756,-1.9783103254065075
152,-187.99312817000012,-5.170663125829888,-1.4694384758476982
153,-230.09675752000004,-8.805031446540879,-1.7985392974680139
154,-46.13260071799997,-2.5998774019882154,-0.36059306606488
155,-73.1002848420001,-4.690560125342735,-0.5713845617012435
156,0.0,0.0,0.0
157,0.0,0.0,0.0
158,0.0,0.0,0.0
159,0.0,0.0,0.0
160,0.0,0.0,0.0
161,-1174.1724651799998,-25.675554358560003,-10.88636946798234
162,-592.6423931479998,-17.28358454822502,-5.49469881599491
163,-247.9913022399999,-10.793103448275854,-2.299257580202964
164,-57.854439989999946,-3.714547618721864,-0.5363988917912499
165,64.83749850599996,6.924894688174255,0.6011424940099093
166,0.0,0.0,0.0
167,0.0,0.0,0.0
168,0.0,0.0,0.0
169,0.0,0.0,0.0
170,0.0,0.0,0.0
171,435.2060975079999,14.54005934718101,3.623157857985487
172,109.92050508600015,3.7598044787996,0.9151051514133587
173,99.03871123200017,4.151052176419734,0.824512539919965
174,489.5947907099998,23.579435639737145,4.07595211406037
175,92.31739514899995,22.695977775093603,0.7685565472958524
176,0.0,0.0,0.0
177,0.0,0.0,0.0
178,0.0,0.0,0.0
179,0.0,0.0,0.0
180,0.0,0.0,0.0
181,427.8919588379999,11.072880825774156,3.324267899910796
182,101.09547145600006,4.061619779531944,0.7854048753338801
183,166.67290508700003,7.076298551526894,1.2948721674280457
184,121.75032568499978,5.402481443948393,0.9458712441744224
185,42.564978248000045,4.055916518999814,0.3306848561363099
186,0.0,0.0,0.0
187,0.0,0.0,0.0
188,0.0,0.0,0.0
189,0.0,0.0,0.0
190,0.0,0.0,0.0
191,-76.36352661199992,-1.717825964517039,-0.597614536595104
192,35.176098095999905,1.3096674134068564,0.2752851851601299
193,-206.03558517299987,-8.028115945794944,-1.6124171606280233
194,254.47442694000014,10.207184628237265,1.9914954622741985
195,-100.959536283,-14.824976348155161,-0.7901008395955943
196,0.0,0.0,0.0
197,0.0,0.0,0.0
198,0.0,0.0,0.0
199,0.0,0.0,0.0
200,0.0,0.0,0.0
201,1704.5399620100006,29.51289398280803,11.495431118975489
202,241.9789261499999,7.982231386164118,1.6319078107859935
203,33.435265859999944,1.5308725973804949,0.2254877000273034
204,83.90722101600007,5.611120528903202,0.5658709687490578
205,-13.940763516000029,-4.781266083376234,-0.09401662050511941
206,0.0,0.0,0.0
207,0.0,0.0,0.0
208,0.0,0.0,0.0
209,0.0,0.0,0.0
210,0.0,0.0,0.0
211,-111.66699999000097,-1.4380530973451489,-0.7869001363306689
212,-83.78256599999999,-2.931596091205213,-0.590402828171588
213,-188.11381755599993,-8.720053610319988,-1.3256090760363735
214,-184.21734360800002,-15.182963083076595,-1.2981512247359484
215,-69.45091864399994,-8.32407064344819,-0.4894099183657425
216,0.0,0.0,0.0
217,0.0,0.0,0.0
218,0.0,0.0,0.0
219,0.0,0.0,0.0
220,0.0,0.0,0.0
221,1901.217253635001,23.097643097643108,11.441761275608355
222,181.81851605,6.978997917148799,1.0942063839111626
223,172.64218804199993,11.617876479765066,1.0389821036488858
224,158.21849433599988,12.07059140509228,0.9521785256879682
225,11.831204952000043,2.1221004333418447,0.07120165904488916
226,0.0,0.0,0.0
227,0.0,0.0,0.0
228,0.0,0.0,0.0
229,0.0,0.0,0.0
230,0.0,0.0,0.0
231,1062.9500839899995,12.272064186725018,5.860673812841015
232,73.06682238400002,2.686551020132222,0.40286069777237393
233,48.8711165040002,2.0718572720546113,0.2694554307048637
234,284.93356301200015,14.977761750210373,1.5710076101368704
235,50.69915708800008,5.205143098532061,0.27953450190568924
236,0.0,0.0,0.0
237,0.0,0.0,0.0
238,0.0,0.0,0.0
239,0.0,0.0,0.0
240,0.0,0.0,0.0
241,255.2445455,2.030209517622228,1.3728007312350672
242,70.7246613,3.6246476037052,0.3803837083327309
243,38.167199774000004,2.056670353399692,0.20527749047997618
244,92.93062714199993,7.715629900679555,0.4998157067167216
245,-1.082930160000041,-0.19574628270281336,-0.005824403857925202
246,0.0,0.0,0.0
247,0.0,0.0,0.0
248,0.0,0.0,0.0
249,0.0,0.0,0.0
250,0.0,0.0,0.0
251,353.080628159999,3.0563514804202496,1.8575049041109812
252,-21.76592117999999,-0.8628060629615186,-0.11450728844863732
253,-4.635527887999944,-0.18441230709501655,-0.0243868258362825
254,84.82372357500005,4.883240872145533,0.446245049881689
255,3.8467282600000154,1.4395453802537261,0.02023706779091381
256,0.0,0.0,0.0
257,0.0,0.0,0.0
258,0.0,0.0,0.0
259,0.0,0.0,0.0
260,0.0,0.0,0.0
261,2872.7819008560004,27.463700957676874,13.725980512673857
262,-350.4494166810002,-12.70906262154804,-1.6744264027171778
263,-221.89057445800015,-9.769484083424818,-1.060179925266517
264,-243.296507108,-11.548065686696596,-1.1624561942453624
265,-135.9531158999999,-9.625090122566682,-0.6495758758869413
266,0.0,0.0,0.0
267,0.0,0.0,0.0
268,0.0,0.0,0.0
269,0.0,0.0,0.0
270,0.0,0.0,0.0
271,1024.4675725460008,7.283082888996617,4.587694522916844
272,76.45587084000007,3.0076863094575135,0.34237899695137125
273,107.35460037999988,5.708762707385917,0.48074739051941745
274,128.03867559000003,8.334803316281537,0.5733732784396101
275,64.93412754000003,7.179896290386911,0.29078318264902003
276,0.0,0.0,0.0
277,0.0,0.0,0.0
278,0.0,0.0,0.0
279,0.0,0.0,0.0
280,0.0,0.0,0.0
281,2665.959480112,19.74471930419068,10.492941938012223
282,131.03784479999982,4.84134084091985,0.5157514611253171
283,60.269360175,2.4332215853790418,0.23721399431429216
284,149.98665231199982,6.610762842953677,0.5903320158941514
285,69.14424127499989,5.024190547078522,0.27214461227145204
286,0.0,0.0,0.0
287,0.0,0.0,0.0
288,0.0,0.0,0.0
289,0.0,0.0,0.0
290,0.0,0.0,0.0
291,1570.1983893559993,9.348174700499957,5.719664646472715
292,38.937530256000095,1.345178938914815,0.14183533541742294
293,199.93776136800017,7.65177548682705,0.7283009286874094
294,127.92116353200014,6.524493243243246,0.46597051783355947
295,108.46655406399998,9.496810772501775,0.3951044140728163
296,0.0,0.0,0.0
297,0.0,0.0,0.0
298,0.0,0.0,0.0
299,0.0,0.0,0.0
300,0.0,0.0,0.0
301,-2921.3812528860008,-16.640786749482405,-11.762872444452004
302,26.103940726999966,0.688089664467606,0.10510689926756314
303,105.82836219900007,4.825169630033188,0.42611539466898907
304,145.15994918899995,7.41100323624595,0.5844830984201469
305,27.269794799999932,1.3974231912784907,0.1098011830882715
306,0.0,0.0,0.0
307,0.0,0.0,0.0
308,0.0,0.0,0.0
309,0.0,0.0,0.0
310,0.0,0.0,0.0
311,1216.591412880001,10.96967815378247,4.572469073954927
312,174.30910891799965,3.508524728758622,0.6551279265973325
313,135.77025394399988,3.1334739379331067,0.510282483296781
314,145.46010886400003,5.649496627895623,0.546701088165876
315,99.13919550999995,5.303504565266182,0.3726073525483271
316,0.0,0.0,0.0
317,0.0,0.0,0.0
318,0.0,0.0,0.0
319,0.0,0.0,0.0
320,0.0,0.0,0.0
321,-178.99982276799986,-1.6040287233050399,-0.6555596693715317
322,267.7826532990002,5.73781649877485,0.980713304323489
323,86.4046534260006,2.0157756354075573,0.3164439224363131
324,261.9676296830001,7.947081136090306,0.9594166633539977
325,260.8500835849995,8.157453936348391,0.9553238204719002
326,0.0,0.0,0.0
327,0.0,0.0,0.0
328,0.0,0.0,0.0
329,0.0,0.0,0.0
330,0.0,0.0,0.0
331,3060.3611634309987,33.14377784096292,9.83246624191129
332,243.8518557000004,4.5574509172835675,0.7834582296520953
333,241.17441748400003,5.2119129438717104,0.7748560355097175
334,29.79899090000051,0.7124051417066957,0.0957395406687211
335,244.98869527399955,6.264998285910162,0.7871107190600067
336,0.0,0.0,0.0
337,0.0,0.0,0.0
338,0.0,0.0,0.0
339,0.0,0.0,0.0
340,0.0,0.0,0.0
341,937.4945214280007,7.2679384965831595,2.852192926136479
342,-198.54216045500024,-3.0351536046296923,-0.6040361118345967
343,-200.67745250999994,-5.062602068590094,-0.6105324323519996
344,636.8050375319999,16.10026141780716,1.937388199997429
345,569.1120053799998,15.114122106621508,1.731441836536475
346,0.0,0.0,0.0
347,0.0,0.0,0.0
348,0.0,0.0,0.0
349,0.0,0.0,0.0
350,0.0,0.0,0.0
351,1168.5499369590004,9.204326763554317,3.37119844923238
352,-747.0317169,-9.27152317880795,-2.1551429561448363
353,989.0860589059998,19.307936507936496,2.8534556226314387
354,152.13768165,4.3004587155963225,0.43890834291858294
355,230.75004819800003,6.676942478806147,0.6657004378176506
356,0.0,0.0,0.0
357,0.0,0.0,0.0
358,0.0,0.0,0.0
359,0.0,0.0,0.0
360,0.0,0.0,0.0
361,-578.8308043980005,-4.211229946524064,-1.7146377709996583
362,-822.6224671950002,-11.255388217763828,-2.4368080323444983
363,-83.0805059820006,-1.3576642335766498,-0.24610468639217672
364,449.7034270740002,11.158544594772103,1.332131040625962
365,130.28236035799975,3.7658053875755826,0.38592807132499357
366,0.0,0.0,0.0
367,0.0,0.0,0.0
368,0.0,0.0,0.0
369,0.0,0.0,0.0
370,0.0,0.0,0.0
371,2205.699299120999,17.947091289729112,5.832409830533291
372,1032.9202053810006,13.955897587686849,2.7312943166919554
373,422.73273714399954,6.339734121122587,1.1178090199282666
374,37.34018232000015,0.9271523178808083,0.09873659864872056
375,361.0852483260003,10.710002398656759,0.9547979422382674
376,0.0,0.0,0.0
377,0.0,0.0,0.0
378,0.0,0.0,0.0
379,0.0,0.0,0.0
380,0.0,0.0,0.0
381,541.9195458810011,5.534638554216875,1.424753214342192
382,-868.2484973599994,-8.93506493506493,-2.282700166221862
383,-20.075143325999402,-0.2333592621402314,-0.052779282828042756
384,531.968302152,9.782255443613908,1.3985905365104712
385,32.4896705429999,0.7611548556430314,0.08541814535182424
386,0.0,0.0,0.0
387,0.0,0.0,0.0
388,0.0,0.0,0.0
389,0.0,0.0,0.0
390,0.0,0.0,0.0
391,298.9456649999994,2.7734462018266903,0.8037049099899256
392,592.6230896289997,7.425717343662397,1.5932463409637592
393,-846.8461764199997,-12.993915402096611,-2.276716171799815
394,-648.6074460800005,-10.039931545921288,-1.7437583149784874
395,-236.1955656399998,-3.7497533057035737,-0.6350034740350425
396,0.0,0.0,0.0
397,0.0,0.0,0.0
398,0.0,0.0,0.0
399,0.0,0.0,0.0
400,0.0,0.0,0.0
401,-987.7541235120003,-8.387892589429736,-2.769971720821241
402,-295.0541853,-2.8449116722661705,-0.8274242849880856
403,-43.40471542400004,-0.7631767231099484,-0.12172040734924146
404,-217.2906237460003,-4.54172647119131,-0.6093509190687948
405,6.912752975999534,0.15103205235775796,0.019385522976567912
406,0.0,0.0,0.0
407,0.0,0.0,0.0
408,0.0,0.0,0.0
409,0.0,0.0,0.0
410,0.0,0.0,0.0
411,1612.1964593520001,14.04453650958053,4.122482554741819
412,594.0545030880011,6.157621730157858,1.519032814729315
413,332.33201440999926,6.668548745850855,0.8497927928325153
414,567.3367815039998,11.519274376417222,1.4507140062531045
415,342.139949568,7.399160743341615,0.8748722683222138
416,0.0,0.0,0.0
417,0.0,0.0,0.0
418,0.0,0.0,0.0
419,0.0,0.0,0.0
420,0.0,0.0,0.0
421,-455.88984895899944,-3.737171918990101,-1.1709140961780935
422,-441.5845288400005,-5.148951820522251,-1.1341721046292041
423,160.70823397799975,2.196014640097599,0.4127653576108705
424,1114.4559409199994,19.9056826220231,2.862384792669528
425,-550.5815465999999,-10.166653376923696,-1.414121624952995
426,0.0,0.0,0.0
427,0.0,0.0,0.0
428,0.0,0.0,0.0
429,0.0,0.0,0.0
430,0.0,0.0,0.0
431,1191.2062122719992,10.340110382565214,2.620816978056788
432,1975.3939271660001,23.88893258868874,4.346137460778102
433,2777.201081235,37.604456824512546,6.110223125260516
434,36.60226639199976,0.5926992743588322,0.08053000413131346
435,536.7839202299996,9.612230215827333,1.1809982160884105
436,0.0,0.0,0.0
437,0.0,0.0,0.0
438,0.0,0.0,0.0
439,0.0,0.0,0.0
440,0.0,0.0,0.0
441,-1350.8021037029991,-11.019047619047617,-3.3193120518340136
442,-1957.4563637759995,-18.912666281087333,-4.810037296661958
443,-611.8902868680003,-6.194690265486724,-1.5035916793683741
444,-707.7096691559994,-9.95136550692105,-1.739047657380218
445,-128.61167218199938,-2.197136563876645,-0.316036133131533
446,0.0,0.0,0.0
447,0.0,0.0,0.0
448,0.0,0.0,0.0
449,0.0,0.0,0.0
450,0.0,0.0,0.0
451,1467.069095582998,11.477398408790872,3.333802639126307
452,827.5409089549997,8.095577746077032,1.8805236062605621
453,121.67842753000068,1.7409534226597412,0.2765049472077206
454,870.5228087140003,14.150248908519746,1.9781966956076429
455,23.823014570999447,0.5236191655875189,0.054135983838703425
456,0.0,0.0,0.0
457,0.0,0.0,0.0
458,0.0,0.0,0.0
459,0.0,0.0,0.0
460,0.0,0.0,0.0
461,1867.8812904950018,12.427190680407097,3.9234654896514036
462,960.5672734400011,10.953480699439133,2.0176617042037193
463,244.88736706599988,2.8107500654479534,0.5143834024272631
464,678.0563676899998,10.90754345099445,1.4242504447191557
465,-149.32455098999986,-2.8298126743722563,-0.31365468755870246
466,0.0,0.0,0.0
467,0.0,0.0,0.0
468,0.0,0.0,0.0
469,0.0,0.0,0.0
470,0.0,0.0,0.0
471,4701.51059696,31.341064525721073,8.787010005362003
472,1305.904045495,9.448034387543046,2.4407031904228864
473,291.465709,3.2916187932801266,0.5447423861724244
474,-255.26796137800008,-4.075285754675074,-0.4770896681860508
475,-146.3195631749998,-3.990963855421681,-0.2734677374608626
476,0.0,0.0,0.0
477,0.0,0.0,0.0
478,0.0,0.0,0.0
479,0.0,0.0,0.0
480,0.0,0.0,0.0
481,-402.7034646359997,-1.9470228661987776,-0.7537479170626884
482,-860.9664139499997,-5.67519766957969,-1.6114876035703507
483,770.1314972299995,8.34861557887141,1.4414701210136776
484,249.23473324399995,4.303157894736831,0.4664975038447831
485,165.87548626000006,6.295203988483955,0.3104723779152178
486,0.0,0.0,0.0
487,0.0,0.0,0.0
488,0.0,0.0,0.0
489,0.0,0.0,0.0
490,0.0,0.0,0.0
491,-4857.1796981610005,-24.728700069268072,-10.073413881338864
492,-1269.3246966330003,-9.631610875199915,-2.6324809485286775
493,490.0117059130002,4.145948945615974,1.0162462636973117
494,-32.77832064000005,-0.6297432585176788,-0.06797969411487231
495,460.27270699800033,12.849162011173188,0.954569887054112
496,0.0,0.0,0.0
497,0.0,0.0,0.0
498,0.0,0.0,0.0
499,0.0,0.0,0.0
500,0.0,0.0,0.0
501,230.40657597599954,1.6688779832792378,0.4749977642714207
502,891.39201762,6.902023006743363,1.8376611590417262
503,-1315.5649787060006,-11.47239263803681,-2.7121206111071308
504,68.72853265599957,1.1233815689261073,0.14168822749510285
505,414.10242457800047,10.586610334741643,0.8536984025769037
506,0.0,0.0,0.0
507,0.0,0.0,0.0
508,0.0,0.0,0.0
509,0.0,0.0,0.0
510,0.0,0.0,0.0
511,-793.3128087360012,-4.915084915084922,-1.7373389000298123
512,-928.0750059119995,-7.708474185416369,-2.032465368213767
513,-1046.2395260040007,-14.07317610756007,-2.2912432614968505
514,-62.95490045,-0.8662508662508617,-0.13786995028298707
515,-13.768692288000269,-0.24477499529279578,-0.03015315579310625
516,0.0,0.0,0.0
517,0.0,0.0,0.0
518,0.0,0.0,0.0
519,0.0,0.0,0.0
520,0.0,0.0,0.0
521,-2086.562455362,-11.72515234292919,-5.014547890879052
522,-834.1538486500008,-7.047332405803697,-2.00468690101625
523,-719.9151514399996,-10.34352585881464,-1.7301418392669257
524,-925.0851213149996,-19.473301697233968,-2.223218208519389
525,513.3726568599998,11.883956658511007,1.233766939051754
526,0.0,0.0,0.0
527,0.0,0.0,0.0
528,0.0,0.0,0.0
529,0.0,0.0,0.0
530,633.2065588980007,4.43611371446424,1.54575475955854
531,-1154.6629405739995,-12.65263157894736,-2.8187101207295386
532,20.775335680000314,0.2553685432385322,0.050715794960613826
533,-145.268436795,-8.287142517087776,-0.35462263369522595
534,0.0,0.0,0.0
535,0.0,0.0,0.0
536,0.0,0.0,0.0
537,-104.79053375999983,-0.7019981353174498,-0.2610833925843188
538,-488.6168453480005,-8.270573736820497,-1.2173785081529827
539,-234.01856131499997,-6.2518695782231575,-0.5830522827162447
540,0.0,0.0,0.0
541,0.0,0.0,0.0
542,-696.1373404019995,-6.583072100313469,-1.7644524892317741
543,12.779452059999846,0.2331989371037846,0.03239121749346702
544,0.0,0.0,0.0
545,0.0,0.0,0.0
546,0.0,0.0,0.0
547,0.0,0.0,0.0
548,0.0,0.0,0.0
549,-940.7439971679993,-10.135533294048315,-2.4630329504912694
550,324.0649929860007,3.8486264089486966,0.8484590475496825
551,-715.7345919009998,-8.804729945669543,-1.8739188227249113
552,78.73836,1.051322037462099,0.20615085053049834
553,-5.236882829999206,-0.08538737405361374,-0.013711078685572056
554,0.0,0.0,0.0
555,0.0,0.0,0.0
556,0.0,0.0,0.0
557,367.95899343199903,4.5350957155879446,0.9341289895447867
558,562.9749913199998,6.958028971152652,1.4292115946825588
559,265.1282374239997,3.949992197118135,0.6730749266777764
560,0.0,0.0,0.0
561,0.0,0.0,0.0
562,0.0,0.0,0.0
563,822.2892483520001,6.848235300602479,1.9994579263230172
564,726.4567823940001,8.108558941767164,1.7664341040575224
565,186.26511756800005,6.981694338016187,0.4529175913040752
566,0.0,0.0,0.0
567,0.0,0.0,0.0
568,0.0,0.0,0.0
569,-1023.1201229310009,-12.157846011418005,-2.647985516581146
570,-490.6804732900004,-5.940374426726791,-1.2699533098995928
571,-974.1301669079996,-12.176681257461198,-2.521192297388835
572,0.0,0.0,0.0
573,-378.01096563599964,-4.89174017642341,-0.9880142533036413
574,0.0,0.0,0.0
575,0.0,0.0,0.0
576,0.0,0.0,0.0
577,0.0,0.0,0.0
578,670.65828066,5.046728971962611,1.756347552190407
579,-1245.5647528560003,-16.28395860284606,-3.2619363211625565
580,427.7824766,5.621135469364802,1.120294384357658
581,72.28411255000007,3.5098155859607516,0.1893006137410398
582,0.0,0.0,0.0
583,0.0,0.0,0.0
584,0.0,0.0,0.0
585,1214.5807112200011,10.963278339542315,3.1341288135268806
586,-716.3397019250002,-7.982404112297359,-1.8484575618044188
587,70.30724028400002,2.459770114942539,0.18142223529328647
588,0.0,0.0,0.0
589,0.0,0.0,0.0
590,0.0,0.0,0.0
591,0.0,0.0,0.0
592,0.0,0.0,0.0
593,-70.81116782300046,-0.6787076508862455,-0.18164885573469655
594,2.487990920000566,0.02685717355106476,0.006382336538017398
595,199.56179463999908,2.5419664268585107,0.5119273238838431
596,-28.857843503999902,-0.45591700988921735,-0.07402778986183949
597,126.69001536700023,2.598213988204323,0.32499246985941865
598,0.0,0.0,0.0
599,0.0,0.0,0.0
600,0.0,0.0,0.0
601,0.0,0.0,0.0
602,0.0,0.0,0.0
603,-177.52567454999985,-1.5787777897110944,-0.45651810890692013
604,-642.8774147779993,-6.969130028063608,-1.6531985156364652
605,597.4859008800001,7.275399595811138,1.536471466787537
606,184.20070411699922,3.5088694878496307,0.47368335490611824
607,-56.84436034200053,-1.1253379667595098,-0.14617874260235353
608,0.0,0.0,0.0
609,0.0,0.0,0.0
610,0.0,0.0,0.0
611,0.0,0.0,0.0
612,0.0,0.0,0.0
613,1216.9218014689989,11.491693783182043,3.0620674808704265
614,992.2474288350006,11.609541205544227,2.496732806615224
615,-2035.09750806,-26.24434389140272,-5.120794033197964
616,250.82518592700046,3.4537319947621103,0.6311364002873545
617,430.0523938750003,9.085066604346824,1.0821150946309719
618,0.0,0.0,0.0
619,0.0,0.0,0.0
620,0.0,0.0,0.0
621,0.0,0.0,0.0
622,0.0,0.0,0.0
623,267.1768370700004,1.7972350230414769,0.6518996856220336
624,215.79596259199977,1.9879663056558305,0.5265326205481327
625,373.9023433979997,6.18638257475872,0.9123052087432113
626,147.33021169700012,3.443787164556178,0.3594792113761657
627,238.307987859,6.443147126559912,0.5814609682118477
628,0.0,0.0,0.0
629,0.0,0.0,0.0
630,0.0,0.0,0.0
631,0.0,0.0,0.0
632,0.0,0.0,0.0
633,1908.0005351240002,12.328353704542039,4.1585276650944545
634,1133.1769375960007,11.733056447045499,2.4697831880501684
635,352.0728100499997,5.592530048673883,0.7673501625225262
636,232.67164339799973,4.081936574360201,0.5071127854220918
637,1271.3660870400004,32.98483286702991,2.770969372435278
638,0.0,0.0,0.0
639,0.0,0.0,0.0
640,0.0,0.0,0.0
641,0.0,0.0,0.0
642,0.0,0.0,0.0
643,10992.824009809998,72.73834569815081,19.279765365303607
644,381.2363973000005,2.955400322407309,0.6686314892422912
645,93.92668576799973,1.3770381008701538,0.16473332617092776
646,-258.4228113539999,-3.9557855126999053,-0.45323487063024037
647,-73.78455877799983,-1.6340472673559758,-0.12940705496174654
648,0.0,0.0,0.0
649,0.0,0.0,0.0
650,0.0,0.0,0.0
651,0.0,0.0,0.0
652,0.0,0.0,0.0
653,-1643.8197601280003,-4.666666666666663,-2.9592348020883095
654,-298.08763325999945,-2.9618997912317258,-0.5366228827584109
655,813.0642962500006,15.091666666666681,1.463693417100113
656,-238.44828038399993,-6.493997032240662,-0.4292590142337129
657,-101.313123525,-3.7954845976786333,-0.1823857629136338
658,0.0,0.0,0.0
659,0.0,0.0,0.0
660,0.0,0.0,0.0
661,0.0,0.0,0.0
662,0.0,0.0,0.0
663,-10212.894875281998,-32.47041420118343,-23.7500887542231
664,-412.7048509740015,-3.920787777858248,-0.9597452005164507
665,-1216.9307093700004,-14.723678902783387,-2.8299725697978597
666,-250.36357078799972,-9.342117736278311,-0.5822205260753774
667,-454.41549318999995,-17.3127416469502,-1.0567433060216007
668,0.0,0.0,0.0
669,0.0,0.0,0.0
670,0.0,0.0,0.0
671,0.0,0.0,0.0
672,0.0,0.0,0.0
673,12487.844189983998,59.066016130638246,21.56681560301176
674,1480.1284439130013,11.858020272052471,2.5562184099195857
675,566.0450703449998,11.116367076631972,0.9775738285488709
676,196.5945678839998,6.493438594656764,0.33952367835504155
677,170.93657138600005,13.591761915031286,0.2952116841632089
678,0.0,0.0,0.0
679,0.0,0.0,0.0
680,0.0,0.0,0.0
681,0.0,0.0,0.0
682,0.0,0.0,0.0
683,778.979577386999,2.272300469483568,1.2572099204384932
684,2486.4236133839986,21.532035302836338,4.012886247473347
685,786.20750312,12.927486873847016,1.2688752069229001
686,-63.78621918900014,-1.958859050517947,-0.10294578943991395
687,70.10395315200013,2.562289562289566,0.11314210015657966
688,0.0,0.0,0.0
689,0.0,0.0,0.0
690,0.0,0.0,0.0
691,0.0,0.0,0.0
692,0.0,0.0,0.0
693,6416.332442996003,21.716244338352308,9.022889466663072
694,893.4779574380003,5.593436443261823,1.2564425117440865
695,921.0517269560003,12.54083940688615,1.2952177897943595
696,437.9685295040003,9.018913630858115,0.6158879183240008
697,481.9162270980001,11.364531696267367,0.6776888336019877
698,0.0,0.0,0.0
699,0.0,0.0,0.0
700,0.0,0.0,0.0
701,0.0,0.0,0.0
702,0.0,0.0,0.0
703,24837.964306428,65.24187870863925,24.960839826995123
704,1326.753502634001,10.326543469130623,1.3333170649811061
705,765.9582434380004,9.624832514515425,0.7697475039721565
706,500.317226311,7.343389453892835,0.502792338154838
707,965.007448146,17.79852753683,0.9697814220143578
708,0.0,0.0,0.0
709,0.0,0.0,0.0
710,0.0,0.0,0.0
711,0.0,0.0,0.0
712,0.0,0.0,0.0
713,6894.504558533995,11.725502130249543,6.271302600120151
714,2544.778425648999,17.375684035212945,2.3147530648519394
715,-356.59412262000006,-3.992754921279429,-0.3243611820672848
716,-39.922147668000804,-0.4513832409504426,-0.03631354020396063
717,1386.8671437999992,16.734569158688117,1.2615066755113609
718,0.0,0.0,0.0
719,0.0,0.0,0.0
720,0.0,0.0,0.0
721,0.0,0.0,0.0
722,0.0,0.0,0.0
723,8814.137581053,14.297387846266997,7.3899953020431
724,801.0115910720001,4.370299799322974,0.6715883250595875
725,75.478189275,0.6543931594101826,0.06328281797506649
726,-251.15859232800014,-2.49622141710214,-0.21057769978103072
727,-105.60908763300054,-1.2625686741992381,-0.08854532327003838
728,0.0,0.0,0.0
729,0.0,0.0,0.0
730,0.0,0.0,0.0
731,0.0,0.0,0.0
732,0.0,0.0,0.0
